cleaned_type,capacity_MW,address,year,company,owner
wind,98.0,강원도 평창군 도암면횡계리,2002,강원풍력발전(주),이건우
gas,36.4,전남 여수시 월내동 350,2002,코리아카본블랙(주)여수발전소,후란쓰이스링거
gas,12.5,인천시 부평구 갈산1동94,2002,코리아카본블랙(주)부평발전소,후란쓰이스링거
gas,70.9,인천시 서구 백석동 58,2002,(주)상원이엔씨매립가스,이호인
coal,5800.0,충남 보령시 오천면오포리 산 212,2002,한국중부발전(주)보령발전소,김영철
coal,4000.0,충남 태안군 원북면방갈리,2002,한국서부발전(주)태안화력발전소,이영철
gas,1000.0,충남 당진군 송악면부곡1리,2002,LG에너지(주)부곡발전소,조방래
coal,4000.0,충남 당진군 석문면교로리 산 974,2002,한국동서발전(주)당진화력발전소,이용오
wind,6.0,경남 양산시 원동면대리 산 93-4,2003,(주)코에지 양산풍력발전소,문무길
gas,3.5,대전시 유성구 금고동산21,2003,대전시금고동쓰레기매립가스발전소,이돈영
gas,500.0,전남 순천시 해룡면율촌 제1산단,2003,메이야율촌전력(주),콜린시우떵탬
coal,1000.0,경남 하동군 금성면가덕리 310,2003,한국남부발전(주)하동화력,이임택
gas,50.0,인천시 서구 백석동 58,2003,에코에너지(주)수도권매립지 매립발전소,조동일
wind,40.0,경북 영덕군 영덕읍창포리,2003,영덕풍력발전(주),김길원
gas,450.0,전남 광양시 금호동광양제철소 스래그처리장,2003,sk전력(주),박영덕
others,40.0,제주시 삼양1동 900,2003,한국중부발전(주)제주화력,김영철
others,200.0,제주도 남제주군 안덕면화순리 610,2003,한국남부발전(주)남제주화력,이임택
wind,8.0,경남 양산시 원동면대리 산 93-4,2003,(주)코에지 양산퐁력발전소,문무길
coal,800.0,인천시 옹진군 영흥면외리 산 168,2003,한국남동발전(주)영흥화력,윤행순
others,254.0,대전시 대덕구 연축동산 6-2,2004,한국수자원공사,고석구
wind,12.0,경남 양산시 원동면대리 산 93,2007,dk풍력발전(주)양산발전소,장기형
nuclear,2000.0,부산시 기장군 장안읍효암리,2005,한국수력원자력(주),이중재
others,8.0,전주시 완산구 상림동산 180-6,2005,전주시,전주시장
gas,747.0,경남 통영시 광도면안정리,2005,안정에너지(주),정태훈
gas,504.0,인천시 서구 원창동인천 화력발전소,2005,한국중부발전(주),김영철
hydro,800.0,경북 예천군 하리면송월리,2005,한국남동발전(주),박희갑
hydro,1000.0,강원도 양양군 서면영덕리,2005,한국중부발전(주),김영철
hydro,600.0,경북 청송군 파천면신흥리,2005,한국서부발전(주),김종신
coal,1000.0,충남 당진군 석문면교로리 산 974,2005,한국동서발전(주),이용오
nuclear,2000.0,경북 경주시 양북면봉길리 일원,2006,한국수력원자력(주),이중재
others,500.0,인천시 서구 원창동 336,2006,한국중부발전(주),정장섭
wind,3.4,전북 군산시 비옹도동군장 국가산단,2006,전라북도,김완주
hydro,5.0,충남 보령시 오천면보령화력내,2006,한국중부발전(주),정장섭
others,1000.0,인천시 서구 원창동244-17외,2006,포스코파워(주),이승우
others,8.2,경기도 이천시 호법면안평3리 산 98,2007,경기도 이천시,이천시장
wind,64.5,경북 영양군 석보면요원리 삼의리,2007,(주)영양풍력발전공사,산체스
others,717.0,전북 군산시 경암동590-2,2007,한국서부발전(주)군산복합화력,김종신
others,507.0,충남 서산시 대산읍독곶리 634,2007,현대중공업(주)대산복합화력,민계식
wind,40.0,강원도 횡성군 둔내면태기리산 1-1,2007,(주) 태기산 풍력발전,마사루
solar,15.0,전북 고창군 흥덕면치룡리 100,2007,(주)고창솔라파크,박현우
wind,12.0,경남 양산시 원동면대리 산 93,2007,dk풍력발전(주)영산발전소,장기형
wind,50.6,경남 밀양시 산내면삼양리 산 1-3,2007,(주)경남신제생에너지,이재혁
solar,7.0,충남 보령 청소면,2008,엘지솔라에너지,안성덕
solar,10.0,강원도 춘천 송암동,2008,강원솔라파크,허경춘
others,5.3,경기 고양 백석동,2008,고양시(경기),고양시장
wind,20.0,강원 삼척 하장면,2008,한국남부발전,사장
solar,9.9,경북 김천 어모면,2008,삼성에버랜드,대표
solar,9.4,경북 김천 어모면,2008,김천 에너빅스,김기태
solar,13.0,전남 영광 백수읍,2008,디쏠라에너지,채준석
others,1000.0,인천 연수 동천동,2008,대림산업(주),대표
others,800.0,경기 평택 오성면,2008,오송복합(디피오서비스),대표
gas,262.0,전남 광양 금호동 640,2008,"포스코파워(#1,2)",이승우
wind,85.0,경북 김천 봉산면,2008,김천 풍력발전,이영호
others,5.0,전북 익산시 부송동,2008,익산시(전북),익산시장
others,501.0,충남 당진 송악면,2008,GS-EPS,정종수
hydro,60.0,경기 가평 설악면,2008,한국수력원자력김종신,
others,4.4,경기 화성 봉담읍,2008,화성시(경기),화성시장
nuclear,2800.0,경북 울진 북면,2009,한국수력원자력,김종신
others,525.0,경기 부천 삼정동,2009,GS파워,손영기
coal,2050.0,충남 당진 석문면,2009,한국동서발전,이길구
others,520.0,충남 서산 대산읍,2010,가로림 조력,서현교
coal,1740.0,인천 옹진 영흥,2010,한국남동발전,장도수
hydro,5.0,경기 여주 능서면,2010,한국수자원공사3),김건호
others,11.2,대구 달서 대천동,2010,티에스원,정형지
others,10.0,강원 원주 지정면,2010,한국중부발전,남인석
others,820.0,경기 포천 창수면,2010,그린택개발(포천LNG복합),김진서
others,25.2,부산 강서 생곡동,2010,부산이앤이,조상순
wind,10.0,강원 태백 창죽동,2011,창죽풍력,예병국
others,725.0,경기 포천 창수면,2011,포천파워,김영길
coal,2000.0,강원 삼척 윈덕읍,2011,한국남부발전,남호기
others,380.0,충남 태안 원북면,2011,한국서부발전,김문덕
others,5.6,부산 강서구,2011,부산연료전지발전,김도윤
bioenergy,30.0,강원 동해시 구호동,2011,동서발전,이길구
gas,1500.0,경기 동두천시 광암동,2011,동두천드림파워,김홍주
wind,6.0,경남 어곡동,2011,원드밀파워,강창석
gas,263.2,경북 포항시 남구,2011,포스코파워,조서익
coal,39.6,강원도 동해시 삼화동,2011,한국지역난방공사,정승일
hydro,5.0,경북 영주시 평은면,2011,수자원공사,김건호
wind,17.5,경북 경주시 양북면,2011,경주풍력발전,최경식
coal,2000.0,충남 보령시 주교면,2011,한국중부발전,남인석
solar,5.0,전남 신안군 팔금면 원산리,2011,신안에너지주식회사,김재석
solar,7.5,전남 신안군 팔금면 진고리,2011,신안에너지주식회사,김재석
wind,40.0,전남 영암군 금정면 연소리,2011,대명지이씨(주),서기섭
gas,1800.0,경기 파주시 파주읍봉암리,2011,피앰피(장문LNG발전),신창동
gas,800.0,서울 마포구 당인동,2011,"한국중부발전(주)(서울복합 1,2호기)",남인석
gas,400.0,경북 안동시 풍산읍 괴정리,2011,한국남동발전(주)(안동복합화력),이상호
wind,12.5,경북 경주시 감포읍,2011,신월성풍력(주),신승정
wind,20.0,경북 경주시 양남면,2011,한국동서발전(주),이길구
coal,2100.0,충남 태안군 원북면발전로 447-40,2011,"한국서부발전(주)(태안 #9,10호기)",김문덕
bioenergy,100.0,충남 당진군 송악면부곡리 564,2011,당진바이오메스GS - EPS(주),이완경
others,4.7,경북 경주시 천군동1516번지 일원,2011,폐열발전(경주환경에너지),황보현
wind,42.0,경북 영양군 영양읍,2011,STX에너지(주),이병호
solar,11.0,부산 강서구 신호동,2012,부산신호태양광발전(주)1호기,강태일
solar,9.0,부산 강서구 신호동,2012,부산신호태양광발전(주)2호기,강태일
wind,20.0,경남 양산시 원동면,2012,에스케이이엔에스(주),문덕규
others,58.8,경기도 화성시 향남읍,2012,경기연료전지발전(주),김준수
gas,872.0,울산 남구 남화동,2012,울산 4 복합화력발전(한국동서발전),이길구
gas,868.5,경기도 평택시 포승면,2012,평택복합 2단계 발전,김문덕
solar,10.0,전남 해남군 황산면원호리 435-1외 5필지,2012,(주)금약코리아,이치훈
solar,13.3,전남 영암군 삼호읍삼포리 1895-8,2012,영암에프원태양발전(주),오경홍
others,834.3,경기도 안산시 초지동MTV5공구 BL 103-1,2012,S-POWER(주)(안산복합),유재권김양수
others,841.2,서울시 강남구 논현로 508서울시 영등포구여의도동35-6,2012,GS에너지(주)(주)삼천리 컨소시엄,나완배신완중
others,432.4,경기도 오산시 누읍동332,2012,대성산업(주)코젠사업부,김영대
others,91.7,충남 서산시 대산읍독곶리 411-1,2012,삼성토탈(주),손석원마크반더엘스터
wind,20.0,강원도 태백시 창죽동산63번지,2012,대명지이씨(주),서기섭
coal,1100.0,충남 당진시 석문면교로3리 1026외,2012,동부발전당진(주),최홍건
others,113.0,대전시 대덕구 신일서로68번길 71,2012,대전열병합발전(주),고훈진
others,16.0,경기도 평택시 죽백동334-3,2012,평택에너지서비스(주),박영덕
solar,6.9,전남 해남군 황산면호동리 909-21,2012,(주)다남솔라,이재문
solar,7.9,"전남 해남군 황산면한자리726,752-1,747및호동리968-6",2012,(주)제이더블유에너지,이정원
gas,398.9,경기도 하남시 풍산동일원,2012,코원에너지서비스(주),조민래
coal,85.1,전북 군산시 소룡동53-8,2012,군장에너지(주),오창석
others,20.8,경기도 시흥시 정왕동시화공단 2바 101,2012,KG ETS(주),이정섭
others,10.0,강원도 원주시 지정면신평리 420-1,2012,한국중부발전(주),남인석
coal,55.0,충북 청원군 옥산면국사리,2012,충청에너지서비스,손동식
solar,1283.9,"경기도 화성시 석우동39,동탄면 방교리 634",2012,한국지역난방공사,정승일
gas,42.6,경남 진주시 남강로1317길 24,2012,무림파워텍(주),김대영
gas,62.6,경기도 안산시 초지동672,2012,안산도시개발(주),정경수김진규
gas,228.0,경기도 하남시 학암동일원,2012,위례에너지서비스(주),박영수
gas,525.0,경기도 부천시 오정구삼정동 363-3,2012,GS파워(주),손영기
solar,9.0,경기도 이천시 대월면초지리 57,2012,네추럴오투피아(주),백종호윤정택
coal,300.0,전남 여수시 월화동144-16 화치동 1293,2012,금호석유화학(주),박찬구
coal,372.9,전남 여수시 산단중앙로 145전북 군산시 비응도동 31,2012,여수열병합발전(주),권혁웅
gas,303.0,전북 군산시새만금산업단지내,2012,OCI SE (주),김재신
wind,48.0,경북 청송군 현서면무계리 산 11,2012,청송 면봉산풍력발전,조정호
wind,30.0,"강원도 평창군 미탄면회동리,평안리정선군 정선읍 회동리",2012,평창풍력발전(주),백흥건
coal,160.0,경기도 포천시 신북면신평리 220-1,2012,STX에너지(주),이병호
coal,77.0,경기도 안산시 단원구초지동 661,2012,STX에너지(주),이병호
coal,185.3,경북 구미시 공단2동291,2012,STX에너지(주),이병호
solar,4.0,충청남도 부여군 장암면석동리 산42-1,2012,삼부건설(주),장덕영
others,40.0,충북 단양군 매포읍매포리 270,2012,이에스파워 유한회사,심수섭
gas,38.1,시흥 장현 목감지구내일원,2013,(주)GS&(주)소모석유컨소시엄,서경석신준수
gas,6.0,경기도 시흥시 정왕동1771-1,2013,안산도시개발(주),장경규김진규
wind,40.0,경남 거제시 일운면소동리 일원,2013,거제풍력(주),박기철김성훈
wind,39.0,전남 신안군 자은면백산리 일원,2013,자은주민바람발전소,임춘호
coal,18.0,충북 제천시 송학면입석리 289,2013,군장에너지(주),오창석
solar,25.0,전남 고흥군 금산면어적리 264,2013,거금솔라파크,최규석
solar,25.0,전남 고흥군 대서면남정리 2431-26,2013,남정수상태양광,김명희
wind,12.0,경북 경주시 강동면왕신리 산46-1,2013,경주산업단지풍력발전(주),박근식
wind,6.0,경북 경주시 천북면화산리 1180-21,2013,경주산업단지풍력발전(주),박근식
gas,25.3,충남 천안시 청당동청수8로 54,2013,중부도시가스(주),유대표
others,20.0,광주광역시광주전남혁신도시내,2013,한국지역난방공사,정승일
gas,950.0,충남 당진군 송악면부곡공단로 241,2013,GSEPS(주),이완경
others,9.9,경기도 화성시 장안면노진리 16,2013,SE그린 에너지(주),정광성
gas,1147.0,인천시 서구 원창동437-1,2013,포스코에너지(주),오창관
solar,10.4,대구시 달성군 하빈면동곡리,2013,낙동강발전(주),박유성
wind,40.0,강원도 정선군 고한읍고한리 산216-1 등지,2013,정암풍력발전(주),이용운
gas,130.4,경기도 남양주시별내3로 391 일원,2013,별내에너지(주),이승칠
bioenergy,38.9,"충남 당진군 석문면삼봉리, 고대면 성산리",2013,"(주)경동,한국동서발전(주),코오롱글로벌(주)",손달호이길구안병덕
coal,395.1,전북 군산시 소룡동53-8 일원,2013,군장에너지(주),오창석
gas,62.6,경기도 안산시 단원구초지동 672,2013,안산도시개발(주),장경수김진규
coal,2120.0,강원도 강릉시 강동면대동리 일원,2013,삼성물산(주),정연주
coal,2100.0,경남 고성군 하이면덕호리 880번지 외,2013,SK건설(주),최광철조기행
solar,3.3,경남 진주시 이반성면장안리 1081-2외 38필지,2013,애플토리아(주),박정욱
wind,60.0,경북 청송군 현서면무계리 산11번지 일원,2013,청송 면봉산풍력(주),조정호
solar,10.1,충남 아산시 인주면금성리 123,2013,현대아산태양광발전(주),임장순
wind,20.0,경남 거창군 신원면덕산리 산57번지 일원,2013,대명지이씨(주),서기섭
solar,20.0,전남 나주시 영산동 664-1292필지,2013,영산강발전이(주),이인규
gas,1000.0,경기도 여주군 북내면외룡리 366,2013,SK E&S,유정준
coal,221.9,전북 군산시 외항로1222,2013,한화에너지(주),권혁응
solar,9.0,전남 해남군 송지면학가리 324-1,2013,(주)해남그린에너지,오형석
wind,60.0,전남 신안군 비금면구림리 39-10,2013,(주)서희건설,곽선기
gas,469.0,경기도 하남시 학암동 일원(사업지구 내),2013,위례에너지서비스(주),박영수
coal,38.0,울산시 남구 횡성동처용로 718 일원,2013,SK케미칼(주),이문석
solar,25.0,전남 무안군 운남면연리 및 성내리 등지,2013,(주)인순,나은경
solar,3.9,충남 당진시 석문면난지도리 183 일원,2013,세현어너지(주),최종하
coal,2100.0,강원도 삼척시 적노동일원,2013,동양파워(주),최연희
wind,99.5,전북 부안군 위도 및전남 영광군 안마군도,2013,한국해상풍력(주),최인규
gas,920.0,경남 통영시 광도면 일원,2013,통영에코파워(주),김성일
gas,960.4,경기도 포천시 신북면계류리 일원,2013,대우에너지(주),조재민
gas,470.0,울산시 남구 매암동 29,2013,한국남부발전(주),이상호
gas,5.9,서울시 강서구 양천로201번지,2013,서남바이오에너지(주),장광성
gas,939.8,경기도 안양시 동안구부림로 100,2013,GS파워(주),손영기
wind,40.0,전남 신안군 자은면백산리 271번지 일원,2013,(주)천사풍력,김기중
solar,8.0,전남 해남군 화원면 구림리일원,2013,(주)탑선에너지,윤정택
solar,10.0,충남 서산시 대산읍기은리 628-6 등지,2013,대산에너지(주),문재경
solar,6.5,제주시 애월읍 어음리산 68-4번지 일원,2013,제주에코에너지(주),주효준이성찬
solar,6.0,경북 봉화군 봉성면외삼리 산124외 12필지,2013,(주)화정네트웍스,성유철
solar,4.0,세종시 부강면 부강리산23 육군종합보급창고,2013,하이패스태양광(주),홍찬희
solar,10.0,전남 나주시 영산동664-1 등지,2013,영산강발전이(주),이인규
solar,5.0,전남 나주시 영산동664-1 등지,2013,영산강발전삼(주),이인규
solar,5.0,전남 나주시 영산동664-1 등지,2013,영산강발전사(주),이인규
nuclear,2800.0,울산광역시 울주군서생면 신암리 일원,2013,한국수력원자력(주),조 석
coal,1000.0,충남 서천군 마량리일원,2013,한국중부발전(주),최평락
coal,16.2,울산시 울주군 온산읍신암리 360,2013,삼성에버랜드(주),김봉영
bioenergy,9.9,"경북 고령군 다산면송곡리 1049-2,3번지",2013,(주)제이더블유에스피에스,이정원
others,97.0,충남 예산군 삽교읍1-21,2013,롯데건설(주),박창규
solar,3.3,경남 진주시 이반성면장안리 1081-2외38필지,2013,진주철도솔라(주)],박정욱
solar,5.3,전남 영암군 삼호읍삼포리 1949번지,2013,에스케이디앤디(주),함스테판윤성
solar,8.9,충남 당진시 신평면매산리 164-8,2013,베스트솔라에너지(주),김지훈
wind,60.0,강원도 강릉시 강동면임곡리 외,2013,한국남부발전(주),이상호
wind,20.0,강원도 태백시 하사미동산 220-3 일원,2013,한국남부발전(주),이상호
bioenergy,9.9,충남 논산시 은진면시묘리 470-1외 11필지,2013,글로벌에너지개발(주),장 옥
others,19.6,서울시 강동구 강일동227-1외,2013,SK E&S(주),유정준
bioenergy,32.4,전북 전주시 덕진구팔복로 59,2013,전주페이퍼(주),주우식
gas,463.0,강원도 춘천시 동산면봉명리(동춘천산업단지),2013,(주)포스코건설,정동화
others,8.5,인천시 남구 도화동 825,2013,이건에너지(주),이길수박승준
others,19.7,강원도 삼척시 동양길20(사직동),2013,삼척에너지(주),이윤영
others,9.8,대구시 달성군 논공읍본리리 29-55 산단내,2013,달성에너지(주),오성준
wind,18.0,전남 완도군 신지면월양리 산20-1일원,2013,아일랜드발전투자(주),은용석
wind,30.0,전남 영광군 백수읍상사리 및 하사리 일원,2013,영광백수풍력발전(주),양재휘
wind,21.0,전남 영광군 백수읍 약수리및 지산리 일원,2013,영광약수풍력발전(주),김양수
wind,23.1,강원도 평창군 대관령면횡계리 산1-1,2013,대관령풍력(주),박대문
solar,8.0,전남 고흥군 대서면남정리 2431 일원,2013,(주)에너지워터,공유덕
gas,36.3,서울시 강동구 고덕동35-1,2013,코원에너지서비스(주),조민래
gas,303.0,전북 군산시새만금산업단지 내,2013,OCISE(주),김재신
gas,415.0,대구혁신도시,2013,대구그린파워(주),김영호
gas,762.3,경기도양주신도시(옥정.회천),2013,(주)대륜발전,이승칠
gas,103.5,전남 여수시여수산단4로 58,2014,LG화학,박진수
gas,117.0,충남 아산시 배방읍 장재리672-1번지,2014,한국토지주택공사,이재영
solar,3.0,충남 태안군 안면읍중장리 425-60 등지,2014,(주)포에버,이영경
solar,3.1,충남 부여군 세도면사산리 594 등지,2014,(주)부여에너지팜,오형석
solar,4.2,충남 서산시 해미면언암리 514-3 등지,2014,해미솔라에너지(주),김범현
solar,3.2,충남 서산시 해미면언암리 500-1 등지,2014,해미솔라에너지(주),김범현
bioenergy,75.0,경기도 평택시 포승읍내기리 608-17,2014,유효산업개발(주),유정환
wind,89.1,"경북 영양군 영양읍무창리,무학리,기산리 및수비면 송하리 등지",2014,에이더블유피,김동휘
gas,123.0,충남 아산시 배방읍장재리 672-1 일원,2014,한국토지주택공사,이재영
wind,10.0,경남 양산시 상북면공원로 305-391 일원,2014,에임슨파워(주),류승보
wind,38.0,"경북 영양군 영양읍양구리, 석보면 홍계리",2014,영양윈드파워(주),남병현
solar,6.0,부산 강서구르노삼성대로 61 지붕,2014,부산신호태양광2(주),신성룡
wind,36.0,전남 영광군 염산면봉남리 1100번지 일원,2014,대명지이씨(주),서기섭
bioenergy,9.9,강원도 강릉시 강동면임곡리 21,2014,(주)인코테크,신재원
bioenergy,9.9,울산시 울주군 삼남면상천리 101-1일원,2014,지씨테크(주),유근섭
bioenergy,5.0,세종시 장군면 봉안리160-13,2014,에너파워(주),김행남
solar,7.2,경기도 파주시 월롱면덕은리 1271 건물지붕,2014,(주)서브원,박규석
gas,6.4,대구시 서구 와룡로87길 92(이현동),2014,(주)서대구에너지,김철민
solar,9.9,인천시 동구 송현3동147 일원,2014,아이씨솔라(주),이창원
others,5.0,경기도 광명시 자경로17,2014,(주)에스파워,유재권김양수
others,398.9,경기도 하남시 풍산동113-19일원 하남미사,2014,하남에너지서비스(주),배명호
solar,3.0,"충남  부여군  양화면  송정리 산11,  산12-1,  185-1,    185-4",2014,티에스에너지,윤정택
solar,6.0,충남  부여군  옥산면  상기리 산49-1,2014,티에스에너지,윤정택
solar,4.0,충남  부여군  홍산면  상천리 산70-1,2014,티에스에너지,윤정택
solar,7.8,"전남  해남군  황산면  원호리 435-92,435-98",2014,필에너지,서재필
bioenergy,9.5,전남  곡성군  겸면  곡순로 1672번지  32-36(상덕리    515),2014,가이아,최신욱
wind,20.0,"전남  보성군  보성읍  봉산리, 옥평리,  득량면  정흥리    일대(봉화산일대)",2014,보성풍력발전,박성호
wind,60.0,"경북  울진군  기성면,  원남면 현종산  일원",2014,에스케이디앤디,함스테판윤성
others,3.1,경북  김천시  공단3길  64(응명동),2014,코오롱플라스틱,장희구
gas,868.5,경기  평택시  포승읍  남양만로 175-2,2014,한국서부발전,조인국
others,32.3,"강원  원주시  문막읍  원문로 2047(반계리    2262-5,6,7)일원",2014,원주에너지,김영만
others,9.0,경북  구미시  임수로  24번길 일원,2014,엘지씨엔에스,김대훈
gas,40.0,경기  안산시  단원구  첨단로 267번길  31,2014,GS  E&R,하영봉
wind,14.0,전남  영광군  법성면  입암리 산34번지  일원,2014,영광서진풍력,김광언
wind,20.0,울산시  북구  대안동  산288-1,2014,동대산풍력발전,김옥색
wind,100.0,강원  고성군  간성읍  흘리  일원,2014,고성알프스풍력발전,장기태
wind,45.0,전남  신안군  자은면  고장리 산224-13  일원,2014,천사풍력,홍길락
solar,9.0,인천시  남구  학익동  723번지,2014,아이씨솔라일호,신종우
solar,8.0,인천시  남구  학익동  723번지,2014,아이씨솔라이호,최성돈
solar,8.1,인천시  남구  학익동  723번지,2014,아이씨솔라삼호,김광주
solar,17.8,전남  해남군  황산면  한자리 23-4외  7필지,2014,제이더블유에너지,이정원
solar,21.8,전남  해남군  황산면  한자리 23-11외  3필지,2014,제이더블유솔라파크,이정원
solar,9.0,"충남  태안군  안면읍  창기리 209-328,  209-330번지",2014,탑인프라창기태양광,정회걸
others,285.0,서울시  강서구  마곡동  72,2014,서울특별시,서울시장
wind,11.5,"전남  보성군  미력면  덕림리 산13-3(임),  4-1(전)",2014,전남풍력발전,박근식
wind,20.0,"울산시  북구  대안동  산288-1, 산79,  산78-1,  산78",2014,한국동서발전,장주옥
others,12.1,경북  포항시  남구  호동  39-3,2014,포스코건설,황태현
solar,4.0,서울시  마포구  양화로  151(동교동),2014,케이에스솔라2호,신성룡
solar,3.5,충남  서천군  서면  신합리 311-1,2014,서부솔라발전,구남중
solar,4.0,충남  보령시  성주면  개화리 산30,2014,탑선그린영암에너지,윤정택
solar,4.0,충남  보령시  성주면  개화리 산30,2014,탑선태양광2호,윤정택
bioenergy,10.0,"경기  양주시  남면  상수리 247,  247-1,  247-2,    248, 248-3",2014,영동항공영농,김경구
wind,6.6,"전북  군산시  비응도동  21,  19, 22,  23,    24,,35번지",2014,현대중공업,이재성
wind,39.0,"강원도  평창군  대관령면  횡계리  산178,  188-1,    188-10, 188-11,  1-134",2014,횡계신재생발전 ,조성훈 
bioenergy,9.5,전북  남원시  광치동  산7번지,2014,엔텍바이오파워,이  완
solar,3.1,충남  부여군  은산면  가중리 산10-26,2014,천광,천경아
bioenergy,9.9,"경기  양주시  남면  상수리  산112-11,  산113",2014,글로벌에너지,장  옥
bioenergy,9.9,경기  양주시  남면  상수리  산112-11,2014,글로벌에너지,장  옥
bioenergy,9.9,경기  양주시  남면  상수리  산112-11,2014,글로벌에너지,장  옥
bioenergy,9.9,경기  포천시  신북면  청신로 1897(신평리  480-3번지),2014,씨씨에스리소스,박현주
gas,12.5,광주광역시  광산구  수완동 1149,2014,수완연료전지,김건택
solar,5.5,광주  서구  치평동 766-2 번지  외  28필지   광주제1하수종말처리장  구조물  상부,2014,빛고을신재생,오형석
solar,7.4,충남  서산시  고북면  신정리 726-19외 9필지(건물 7동   포함)  (해미비행장內),2014,용성솔라에너지,김범헌
bioenergy,9.9,전남  여수시  율촌면  율촌 제1산업단지,2014,금호석유화학,김성채
others,6.5,충북  청주시  청원구  북이면 신대석성로  253-4,2014,진주산업,남상부
bioenergy,9.9,충남  서천군  장항읍  원수리 450-12번지,2014,수목에코,김길훈
wind,26.4,"경북  영양군  영양읍  무창리 산62-36,  3-2,  110,  108",2014,와이지이,오동석
wind,20.0,"포항시  북구  신광면  냉수리 산63,  62,  61,  17,  16-1,  16, 15,  14,  8,  7,  흥해읍    매산 리  산84,  82,  흥해읍  학천리  산1-13",2014,대명지이씨 ,서기섭 
wind,45.0,"경남남해군서면노구리산98,산99-2번지남상리산60-2,산60-3번지",2014,남해파워,김성훈
solar,3.1,제주특별자치도  제주시  구좌읍  덕천리  산  82,2014,제주사랑에너지,위대호
wind,40.0,강원  정선군  고한읍  고한리 산216-1  등지,2014,정암풍력발전,이용운
gas,50.2,부산시  기장군  정관면  산단1로  83,2014,부산정관에너지,최성용
gas,50.2,부산시  기장군  정관면  산단1로  83,2014,부산정관에너지,최성용
others,9.1,부산시  강서구  화전산단1로  63번길  10(화전동),2014,성림엔지니어링,남곤
wind,40.0,"전남  화순군  도암면  우치리 산89-1,  청풍면  백운리  산132-1,  이만리  산165",2014,대명지이씨(주),서기섭
wind,20.0,"강원  태백시  통동  산69,  황지동  산173-1",2014,한백풍력발전,김흥식
wind,26.0,"강원  평창군  봉평면  진조리 산80-1,  횡성군  둔내면  삽 교리  산1-3",2014,청산풍력발전 ,김흥식 
gas,920.0,경남  통영시  광도면  일원,2014,통영에코파워,한경훈
bioenergy,9.1,강원  강릉시  옥계면  산계리 8번지(라파즈한라시멘트  공장부지  내),2014,엘아이케이파워,구자숭
gas,20.0,서울시  마포구  상암동 481-6(월드컵공원내),2014,노을그린에너지,조경석
bioenergy,9.9,"전남  여수시  여수국가산단 내(여수산단2로  46-51,  월하동)",2015,금호석유화학,김성채
wind,36.8,"경남  산청군  신등면  모례리 산78-1,  산청읍  범학리  산31,  척지리  산134",2015,제이파워,박주원
wind,21.0,"경남  산청군  신등면  율현리 산166,  산169,  척지리  산17",2015,대명지이씨,서기섭
wind,20.0,경북  청송군  안덕면  노래리 산68-1번지  일원,2015,대명지이씨,서기섭
others,25.0,충남  천안시  청당동  청수8로  56번길,2015,중부도시가스,김병표
bioenergy,30.0,전남  장흥군  해당리  장흥 바이오  식품산업단지내,2015,한라,최병수
wind,9.0,"경남  양산시  상북면  내석리 산237,  산238,  산239",2015,동국에스앤씨,양승주
wind,20.0,"경 남 산 청 군 금 서 면 특 리 산79-1,산79-2,자혜리산7-1일대",2015,대우조선해양건설,정재영
solar,16.0,"전남  강진군  도암면  석문리 산  215,  산194-3  일원",2015,탑인프라영암태양광발전소,양홍석
solar,5.8,경북  김천시  어모면  산업단지로  39번지  공장지붕,2015,케이씨씨 김천공장,"정몽익,정몽진"
solar,4.0,경북  김천시  어모면  옥계리 산214번지,2015,태안발전에너지,위대성
solar,7.3,전북  남원시  광치동  산51-1외  9필지  일원,2015,우리에너지,양만진
nuclear,2800.0,경북  울진군  북면  울진북로 2040,2015,한국수력원자 력,조  석 
others,8.0,울산시  남구  장생포로  285번길,2015,삼양사,문성환
bioenergy,9.9,"충남  청양군  정산면  역촌리 701-1,  703-1,  705-3번지",2015,수목에코,김길훈
others,30.8,부산광역시  해운대구  해운대로  896,2015,부 산 그 린 에 너지,주환오
bioenergy,9.5,전남  무안군  청계면  영산로 1958-98,2015,한라오엠에스,신헌식
bioenergy,9.9,경남  함안군  대산면  부목리 169,2015,강 산 자 원 에 너지,고재학
wind,40.0,전남  신안군  압해면  가룡리 일원,2015,압 해 풍 력 발 전소,"이 종 희 ,오상운"
wind,72.6,"전남  장성군  삼계면  부성리 산129-3,  산129-2,  신기리 산141-2,  화산리  산136-1, 산137-8,    삼서면  학성리  산96-2",2015,부선풍력,신상일
wind,40.0,"전남  고흥군  호형리  산126, 산127,  산128,  산129,  산171-1,  산171-3,  산171-4, 산171-5,  산171-6,  등암리 산6,  포두면  봉림리  산34, 산36,  산36-1,  산130-1,  풍양면  율치리  산151",2015,고흥풍력,이상득
others,8.0,울산시  울주군  온산읍  원산로  59,2015,유니큰,송남용
bioenergy,9.9,"충남  홍성군  구항면  지정리 107-11,  산24",2015,솔라뱅크,조창현
wind,333.0,"강원  고성군  수동면,  현내면, 간성읍,  거진읍  일원",2015,지에이파워,김성훈
solar,9.9,전북  군산시  새만금  매립지 일원,2015,씨엔피브이파워코리아,장성군
gas,240.0,제주시  삼양동  900번지,2015,한국중부발전,최평락
bioenergy,9.9,부산시  강서구  명지동 607-641,2015,코오롱글로벌,윤창운
wind,18.4,경북  안동시  길안면  백자리 산97번지  일원,2015,대명지이씨,서기섭
others,483.6,경기  평택시  고덕면  해창4길  64-15  일원,2015,한국지역난방공사,김성회
others,8.0,충북  청주시  흥덕구  옥산면 호죽리  907외908,2015,엔이티,김태진
others,6.0,제주  제주시  월산남길  312(해안동),2015,웰크론강원,이영규
others,9.9,강원  횡성군  횡성읍  조곡리 3-2번지  일원,2015,에너지관리사업단,임진국
others,8.0,경북  영천시  고경면  상계로 178-18,2015,지웰,김영길
others,9.9,경기  화성시  송산면  마산리 416-15번지,2015,해다미,이남진
wind,33.0,강원  태백시  창죽동  9-167외  8필지  화전동  143-26외 1필지,2015,대관령풍력,정해주
wind,20.0,전남  신안군  압해면  가룡리 일원(해상  포함),2015,압 해 풍 력 에 너지,이종희
others,230.0,전남  여수시  여수산단로  남해화학  부지  내,2015,남해화학,강성국
wind,40.0,강원  정선군  고한읍  고한리 산216-1  등지,2015,정암풍력발전,이용운
others,25.0,충북  천안시  서북구  차암동 14-4  일원,2015,천안삼영그린에너지,금동흠
bioenergy,200.0,전북  군산시  비응도동  36,2015,중부바이오에너지 ,나병제 
others,10.0,경기  양주시  옥정동  840-1,2015,대륜그린에너지,손수길
wind,20.0,전남  장흥군  부산면  지천리 산22,2015,한국서부발전,조인국
wind,30.0,전남  해남군  송지면  통호리 산  98  등  일원,2015,대우건설,박영식
wind,7.5,경북  포항시  남구  오천읍 진전리  산88-1번지,2015,동국에스앤씨,양승주
others,15.0,전남  목포시  대양동  797번지,2015,더블류티이목포,서준열
others,100.0,대구시  동구  율암동  산5번지  일원,2015,대구그린연료전지,신봉균
others,4.3,광주시  서구  매월1로  50-4,2015,명성환경,원남희
wind,20.0,"경북  포항시  남구  장기면 두원리  산162임,  산162-1임, 산162-2임,  계원리  산87  일원",2015,한국동서발전 ,장주옥 
wind,39.0,강원  철원군  근남면  육단리 산88-1번지  일원,2015,한일풍력발전,김재종
others,17.5,경북  김천시  대광동  797번지  일대,2015,엔케이퓨얼,
wind,18.0,"전남  무안군  운남면  내리 산39번지,  714-5,  711-29, 산50,  산41-1,  산107-8",2015,하사미풍력,
wind,20.7,"경남  양산시  원동면  대리 산90-1,  산16-1,  선리  산1-1번지  일원",2015,한국동서발전,
wind,14.8,"경북  군위군  고로면  화북리 산229-1,  1254-4,5,6,  영천시 신녕면  화남리  산64/가천리   산18-1,산23",2015,현대중공업,
solar,33.0,제주시  한림읍  금악리  산23번지  일원,2015,디에스파워,
wind,60.0,경북  청송군  현서면  무계리 산11번지  일원,2015,청송면봉산풍력,
others,9.9,여주시  강천면  강천로  121(적금리  46)  일원,2015,대한환경,이성창
others,20.0,충남  서천군  장항읍  장항공단길  28번길  60,2015,장항에코파워,김길훈
others,10.0,충북  청주시  흥덕구  화계동 29-15(LG화학  청주공장內),2015,서브원,이규홍
others,17.5,부산시  강서구  국제물류도시  일반산업단지  1단계  제2공구  122-7Lot,2015,부산강서산업단지,손호영
others,12.5,광주시  서구  치평동  764-2번지  외  6필지,2015,빛고을연료전지,송용욱
wind,15.0,강원  고성군  토성면  도원리 산1  외  6필지,2015,에스디오,김영건
wind,40.0,"경북  영천시  화북면  정각리 산6-1,  산218-3,  포항시  죽장면  두마리  산84,  85,  98, 99  일원",2015,한국동서발전,장주옥
wind,66.0,경북  포항시  남구  구룡포읍 석병리  산62번지  외  12필지,2015,효성,이상운
wind,80.5,"전남  영광군  백수읍  하사리,약수리,  염산면  축동리,신성리,송암리  일원",2015,영광풍력발전,
wind,38.4,경북  포항시  남구  호미곶면 강사리  산199-1일원,2015,동해그린풍력,김양곤
wind,20.0,"강원도  양양군  현남면  하월천리  산1-1번지,  상월천리 산1-1번지,  현북면  어성전리 산2번지  일원",2015,한국동서발전 ,장주옥 
bioenergy,10.0,충남  아산시  인주면  금성리 산  45,2015,삼환이엔씨,최익환
others,110.4,전남  광양시  광양읍  세풍리 2200,2015,율촌청정에너지,장태범
hydro,5.0,충북  충주시  금가면  월상리 일원,2015,한국수자원공사,최계운
others,40.0,경기도  평택시  포승읍  평택항로156번길  43,2015,중부그린에너지,이상득
bioenergy,100.0,"전남  광양시  황금동  산  191, 황금일반산업단지  內",2015,광양그린에너지,황정현
others,37.5,경기도  평택시  포승읍  원정 리  1173-7,2015,포승퓨얼셀 ,오범준 
wind,98.8,전북  군산시  새만금  4호방조제  내측  일부,2015,새만금해상풍력,"손충렬, 김희규"
wind,66.0,"경북  군위군  고로면  석산리 산19번지  일원,  의성군  춘산면  신흥리  산70번지  일원",2015,에스케이디앤디,함스테판윤성
bioenergy,9.9,광주시  광산구  신창동  10-8,2015,EIG,안성식
gas,12.8,광주시  광산구  수완로  130(수완동  1149번지),2015,EIG,안성식
bioenergy,9.9,경남  함안군  군북면  장지리 1407,2015,비에이치아이,우종인
gas,5.0,충북  음성군  대소면  대풍리 259-2번지  (CJ헬스케어  대소공장  내),2015,폐트로코너지,오수현
gas,25.0,대구시  서구  이현동  산  117 번지  일원,2015,이현에프씨피피,손승우
others,9.0,경북  문경시  신기공단2길 37  일원,2015,대보건설 ,남관우 
wind,12.8,경남  양산시  원동면  대리 산90-2번지  일원,2015,염수봉풍력발전,
wind,19.8,"경남  양산시  동면  법기리 산1-1,  산1-3,  산14-1,  호계동  산69-1  번지  일원",2015,한국동서발전,장주옥
wind,8.0,"경북  경주시  산내면  내일리 763-1,산421-3번지",2015,대주에너지,최향예
wind,80.0,경북  영양군  청기면  구매리 일원,2015,에스케이디앤디,함스테판윤성
others,9.9,충북  음성군  맹동면  봉현리 22-6외  2필지,2016,정욱리싸이클링,오봉호
coal,29.3,충북  단양군  매포읍  우덕리 360번지,2016,단양에너지,변상현
gas,40.0,대구시  달성군  논공읍  본리리 29-55번지  및  1023번지,2016,달성에너지,오성준
bioenergy,9.9,경남  고성군  삼산면  병산리 532-1외  5필지,2016,부산씨에이치엔지니어링,조창현
wind,30.0,강원도  삼척시  도계읍  황조리 산159임  일원,2016,한국남부발전,윤종근
wind,27.0,강원도  삼척시  하장면  어리 산66번지  일원,2016,어진풍력발전,김재종
wind,165.0,"강원도  태백시  소도동  산78, 화전동  산47-61,  황지동    산176-1,14,16,  창죽동  산1-1,  혈동  산57",2016,오투파워,박주원
wind,24.8,전북  고창군  상하면  용정리 1626번지외  27필지,2016,동촌풍력발전,박식
wind,87.0,강원도  평창군  봉평면  유포리 산200번지,2016,청정그린파워,홍종후
others,9.9,바이오 인천시 서구 오류동 1537번지,2016,유진 에너지,정태영 
coal,5.4,경기도  화성시  남양읍  매바위로  570-10,2016,신승에너지,김웅
coal,3.2,경기도  양주시  은현면  은남로 160,2016,양주시청,경 기 도 양 주 시장 ( 지 방자 치 단체장)
others,9.9,충남  서산시  대산읍  죽엽로 397일원(대죽리),2016,대산파워,모종면
wind,30.0,"경북  포항시  북구  죽장면  상옥리  산20,  산15-1,  산15-2, 기북면  성법리  산1,  산2,  신광면  마북리   산2-1,  산12번지 일원",2016,한국동서발전,김용진
wind,27.6,강원도  평창군  용평면  노동리 산1-2,2016,하누리파워,정주호
wind,51.0,전남  고흥군  동강면  대강리 1219-1번지  일원,2016,도경풍력발전 ,김재종 
wind,92.4,경북  영덕군  남정면  중화리 산71-1번지  일원,2016,지에스이앤알,손영기
wind,72.0,"경북  포항시  북구  죽장면  가사리  산2-1,석계리  산1-1",2016,에스케이디앤디,함 스 테판윤성
bioenergy,40.0,전남  여수시  중흥동  1724번지(여수국가산업단지內),2016,여수바이오에너지,한문선
wind,12.0,전남  여수시  화정면  백야리 산253번지  일원,2016,에스알피,김영건
wind,12.0,경북  영천시  자양면  용산리 산31번지  일원,2016,와이씨풍력,김영건
wind,85.8,"강원도  평창군  용평면  도사리 산1번지,속사리  산270번지,  덕거리  산1번지",2016,태환윈드파워,이기경
wind,285.0,"강원도  삼척시  하장면  중봉리 산1,  도계읍  무건리  산58,  도계읍  황조리  산159,  도계읍 신리  산138,    삼척시  노곡면 주지리  산9,  노곡면  상마읍리 산104,  삼척시  원덕읍  이천리 산322,  삼척시  가곡면  오목리 산21번지",2016,에너지메카,김성훈
gas,40.0,광주시  서구  치평동  762-2번지  일원,2016,한양산업개발 ,이왕섭 
others,50.0,충남  서산시  대산읍  독곶2로 103(한화토탈  대산공장  內),2016,한국동서발전,김용진
others,6.5,충북  청주시  청원군  북이면 신대석성로  253-4,2016,진주산업,김성훈
wind,39.0,경북  영천시  화북면  정각리 산150-1번지  일원,2016,영천풍력,박성호
wind,18.0,"강원  태백시  하사미동  산219-2,  산485-6,  산485-7,  산485-9",2016,하사미,최근화
wind,3.4,"강원  평창군  용평면  노동리 산1-5,  산1-30도",2016,대관령풍력,정해주
wind,40.0,"강원도  정선군  화암면  화암리 산58,  산111,  산101,  산115, 산116,  산145,  산146,  산150,   산152,  산169,  산170,  산171, 건천리  산265,  임계면  덕암리 산50-4",2016,한국동서발전 ,김용진 
wind,99.0,"강원도  평창군  대화면  개수리 산340,  산337,  산618,  상암미리  산331,  방림면  방림리  산442,  계촌리    산1",2016,대화풍력,김화준
wind,99.2,경북  울진군  매화면  길곡리 산1번지,2016,부선,신상일
solar,4.1,경북  포항시  북구  신광면  호리  87번지외  23필지,2016,용연수상태양광발전,김범헌
gas,6.0,경기 시흥시 서울대학로 59-5(정왕동),2016,페트로코너지,오수현
others,9.9,경기  포천시  신북면  신창길 36(신평리  206-3)  외,2016,브이엘스팀앤파워,김성훈
others,9.9,전북  전주시  덕진구  팔복동3가  478-1,2016,하늘과에너지,채태평
others,4.4,경기  용인시  남사면  천덕산로 428길  22,2016,삼영이앤이,기준호
wind,93.2,경북  영덕군  달산면  매일리 산131번지  일원,2016,일출에너지,이정섭
wind,56.1,경북  영양군  석보면  포산리 일원,2016,지에스이앤알,손영기
wind,40.0,강원  강릉시  강동면  임곡리 산21  일원,2016,동성,"김 장 수 , 김흥식"
wind,39.0,강원  정선군  고한읍  고한리 산  1-17번지  일원,2016,웅진풍력발전,김국희
wind,99.1,전남  영광군  염산면  두우리 1128-3번지  등  및  공유수면 일원,2016,재원에너지,정재원
wind,3.3,강원도  평창군  횡계리  산 1-174,2016,강원도청,강원도청
wind,12.0,전남  여수시  화정면  조발리 산38-3번지  일원,2016,에스비오,이희승
wind,33.0,전남  신안군  증도면  우전리 일원,2016,윈윈드파워,허지영
others,9.8,강원  춘천시  남산면  수동리 648-2  일원,2016,춘천에코에너지,이운옥
wind,40.0,"강원  태백시  원동  산97,  산13-1일원",2016,태백  가덕산풍력  발전사업,한국동서발전
others,6.0,충남  청양군  화성면  금계동길 31,2016,디에스에너지,이기완
others,5.0,경기  양주시  남면  현석로785번길  207,2016,와이에스에너지,김정영
others,24.9,충남  서산시  대산읍  죽엽로 397일원(대죽리),2016,대산파워,모종면
others,9.0,"충북  청주시  서원구  남이면 부용남이길182,  (구미리   39-2,  39-4)",2016,청주  폐수지 유류화  엔진 발전사업,이병삼
bioenergy,3.6,인천시  중구  월미로  96  (북성동  1가),2016,선창산업,김영환
others,5.5,전북  정읍시  2산단7길21-1(하북동),2016,예원산업,이한림
wind,97.2,"경북  청송군  안덕면  근곡리, 노래리,  부남면  감연리,  대전리,  현동면  도평리,  인지리,  파천면  신흥리,  부동면    지리  일원",2016,청송에코윈드,김리하
wind,60.0,강원  정선군  사북읍  사북리 산160-3번지  일원,2016,웅진풍력발전,김국희
wind,79.2,"강원  영월군  상동읍  구래리 산1-35번지,  산1-37번지  일원",2016,영월에코윈드,조우진
wind,3.3,강원  삼척시  하장면  판문리 산42,2016,주원에너지,이영복
wind,13.0,"경북  영덕군  영해면  대진리 산55,  산57,  산59,  산35",2016,윈이엔에스,공진표
wind,138.6,강원  삼척시  근덕면  궁촌리 산310임  일원,2016,삼척풍력발전,김흥식
solar,20.0,제주시  구좌읍  덕천리  산82,2016,제주사랑에너지,위대호
solar,20.0,제주시  구좌읍  덕천리  산82,2016,제주사랑에너지,위대호
solar,20.0,제주시  구좌읍  덕천리  산82,2016,제주사랑에너지,위대호
solar,4.0,광주시  북구  운정동  627번지외  5필지,2016,빛고을운정태양광발전소,"양홍석,우혁재"
solar,4.0,광주시  북구  운정동  627번지외  5필지,2016,빛고을운정태양광발전소,"양홍석,우혁재"
wind,168.3,"강원  평창군  진부면  마평리 산200,  화의리  산100,  막동리 산1,  장전리  산1,  대화면  신리 산410,    대화리  산70,  하안미리  산153,  평창읍  지동리  산1, 고길리  산1,  미탄면  회동리  산50-1  번지",2016,태환윈드파워평창,이기경
wind,69.3,"강원  평창군  봉평면  흥정리 산1,  덕거리  산1",2016,태환윈드파워평창,이기경
wind,60.0,"강원  양양군  서면  영덕리  산81-1,  공수전리  산2-7,  서림리 산1-5,  북암리  산1",2016,지에스이피에스,손영기
wind,20.7,"강원  고성군  간성읍  탑동리 산1,  장신리  산  1-2,  어천리 산1-1",2016,유니슨,류지윤
wind,32.2,"강원  인제군  서화면  서흥리 산55,  북면  원통리  산226-1, 월학리  산1",2016,유니슨,류지윤
wind,90.0,"강원  양양군  서면  수리  산1, 내현리  산112-1현북면  장리 산1-11,  면옥치리  산1-1",2016,에코그린풍력 ,남병현 
wind,60.0,"경북  영덕군  남정면  회리 104-1번지,  쟁암리    산37번지, 사암리  산62-2번지,  달산면  옥산리  산109번지",2016,오성이앤티,이병구
wind,60.0,"강원  강릉시  강동면  임곡리 및  언별리,  옥계면  북동리,  왕산면  목계리  일원  일원",2016,한국남부발전,윤종근
wind,99.0,"강원  정선군  화암면  건천리, 호촌리,  백전리,  삼척시  하장면  토산리,  갈전리,  추동리,  둔전리,  역둔리,  공전리    일원",2016,한국동서발전,김용진
wind,60.0,"강원  강릉시  강동면  임곡리 및  언별리,  옥계면  북동리,   왕산면  목계리  일원",2016,한국남부발전,이상호
bioenergy,6.5,충북  충주시  목행동  315-2번지,2016,베올리아코리아에너지 ,가보렐마르셀루시앙프랑소 와
others,20.0,서울시  강동구  아리수로87길 206  (고덕동),2016,에스케이이엔에스,유정준
wind,99.0,"강원  삼척시  하장면  중봉리 산1,  갈전리  산1,  정선군  임계 면  용산리  산160-1,  도전리  산64,  문래리    산1,  낙천리  산50번지  일원",2016,한국동서발전 ,김용진 
bioenergy,8.8,대구시 서구 중리동 1123-1,2016,대연이앤에스,정현종
gas,9.7,경기  평택시  오성면  양교리 1091번지,2016,유진초저온,양원돈
others,9.9,전북  전주시  덕진구  유상로 54  일원,2016,전주에코에너지,백한신
others,29.0,"전남  광양만권  경제자유구역 율촌제1산압단지 2블록(2-2, 2-6)",2016,한국에너지,남덕진
wind,6.6,강원  평창군  대관령면  횡계리 산2-1,2016,진고개윈드캠퍼스,황의정
wind,39.6,전남  영암군  미암면  호포리 1246번지  외  11필지,2016,영암삼호풍력발전,김양수
wind,99.0,"경북  청송군  부남면  중기리 산86-1,  산127,  산135,  산137, 부남면  양숙리  산23",2016,우람발전,하태국
wind,39.0,강원  양양군  서면  미천리  산5번지  일원,2016,봉이,손승우
wind,60.0,강원  삼척시  도계읍  한내리 산55번지,2016,진성파워,남기준
wind,39.0,"강원  정선군  남면  유평리  산208,  화암면  몰운리  산210",2016,명성파워그린,박정학
wind,7.0,"강원  횡성군  갑천면  포동리 산  78-2,  산  82-1번지  일원",2016,한국동서발전,김용진
wind,9.5,경기  가평군  조종면  마일리 산  237-1  일원,2016,자은태양광발전소,하영복
wind,5.0,강원  고성군  토성면  원암리 427-1,2016,영동연료전지발전,정태연
wind,5.0,강원  정선군  임계면  가목리 산8-1,2016,영동연료전지발전,정태연
coal,221.9,전북  군산시  외항로  1222,2016,한화에너지,류두형
bioenergy,200.0,전북  군산시  비응도동36-23 군산2국가산업단지  내,2016,에스엠지에너지,박준영
bioenergy,105.0,충남  당진시  송악읍  부곡공단로  241,2016,지에스이피에스,손영기
bioenergy,110.0,경북  포항시  북구  흥해읍  용한리(영일만3일반산업단지),2016,포항신재생에너지 ,이길구 
gas,110.0,전남  광양시  광양읍  세풍리 2200,2016,광양파워,유상훈
wind,4.6,강원도  삼척시  하장면  한소리 산60,2016,하장풍력발전,최재영
wind,39.0,강원도  영월군  중동면  직동리 산1-1,2016,명성파워그린,박정학
wind,29.7,"전남  신안군  장산면  마진도리 102, 112, 산47, 팽진리 118-6, 193, 263, 434-1,   436-3,  산21-1",2016,지에스이피에스,손영기
wind,96.6,경북  포항시  북구  신광면  기일리  산150-1외  9필지,2016,포항에코랜드,황의정
wind,90.0,경북  포항시  북구  기북면  탑정리  산33  외  17필지,2016,비학윈드캠퍼스,이재규
wind,60.0,"경북  포항시  남구  대송면  산여리  산8,  산33-1",2016,더윈드파워,기경희
wind,39.0,"강원도  정선군  북평면  장열리 산139,  산165-3,  남평리  산22, 문곡리  산1,  여량면  여량리  산85-5",2016,명성파워그린,박정학
wind,27.0,"충북  영동군  상촌면  둔전리 산10번지,  물한리  산62-1",2016,영동  상촌풍력  발전사업,김기영
wind,4.2,경북  포항시  남구  동해면  발산리  산92-1임,2016,코리아풍력,이정수
wind,9.2,"전남  여수시  화양면  안포리 산67,  산117,산56-17,  산56-1",2016,에스더블유에너지,박선식
others,4.3,경기도  이천시  호법면  안평3리  산98번지,2016,이천시,이천시장
others,4.8,충남  천안시  동남구  청수8로 56,2016,청수유니스에너지,이상구
bioenergy,20.0,전북  정읍시  영파동  500-13번지,2016,엠에코,이근숙
bioenergy,100.0,경기도  김포시  양촌읍  학운리 3379(학운2일반산업단지),2016,한국지역난방기술,이병욱
bioenergy,29.9,경북  경주시  외동읍  모화리 1700-1번지,2016,엠에스정밀,이병준
others,7.0,충북  청주시  청원구  북이면 용계내추로  463-4,2016,청주원에너지,황인경
others,9.9,충남  부여군  홍산면  정동리 산59-1외  2필지,2016,흥원에너지,이동구
wind,19.2,"강원  강릉시  옥계면  금진리 산81번지,  강동면  산성우리  산56번지",2016,윈드앤썬,김기영
wind,19.8,"강원  정선군  신동읍  방제리 443-21,22,24,68,70,35,64  조동리  499-9",2016,정선풍력발전,황영윤
wind,33.0,충남  보령시  신흑동  2122-2번지  일원,2016,보령풍력발전,황영윤
bioenergy,9.9,충북 진천군 광혜원면 광혜원리 773-20번지 일원,2017,코오롱글로벌 ,윤창운 
gas,60.0,대구시  달성군  유가면  비슬로96길  67(금리40번지),2017,대구청 정에너지,백승정
bioenergy,9.9,충남  청양군  정산면  서정리  산11-3,2017,임폴루토,이윤상
wind,50.4,강원  삼척시  원덕읍  기곡리  산170번지,2017,비에스에너지,신상일
wind,20.0,강원도  강릉시  왕산면  대기리 2214-195  외  3필지,2017,후츠파개발,이상호
wind,9.9,경남  통영시  욕지면  동항리  산6-1번지  앞  공유수면,2017,영동발전,정태연
others,9.9,경기도  파주시  탄현면  금승리 229-7  외,2017,한빛파워,조석연
nuclear,2800.0,경북  울진군  북면  덕천리  및 고목리  일원,2017,한수원,한수원대표
wind,90.0,강원도  양구군  해안면  오유리 산1임  일원,2017,글로벌윈드에 너지,최용선 
others,8.2,경기도  이천시  호법면  안평3리 산98번지,2017,경기도청,이천시장
bioenergy,20.0,경남  함안군  군북면  장지리 1407,2017,비에이치아이,우종인
others,9.9,경기도  여주시  강천면  강천로 121  일원,2017,엠다온,김종호
wind,26.4,강원도  삼척시  하장면  번천리 산57-2,2017,한마음에너지,이경남
solar,17.0,전북  군산시  비응도동  유19번지,2017,피앤디솔라,박식
solar,5.0,경기  화성시  서신면  궁평리 699,2017,한국농 어촌공사 ( 화 안 사 업단),정승
wind,57.6,"강원도  삼척시  하장면  추동리, 둔전리,  용연리  일대",2017,삼척  오두2풍력  발전사업,최용선
wind,50.4,강원도  삼척시  가곡면  풍곡리 산128-63,2017,한국남부발전,윤종근
wind,39.6,"경북  영덕군  영덕읍  삼계리  산23-2,  산38,  산25,    산40-1,  강구면  하저리  산101,  산102,  산103,  영덕읍  창포리  산114-1, 117-2  일원",2017,한국동서발전,김용진
wind,64.8,"강원도  영월군  상동읍  내덕리 산112-1,  덕구리    산10-1번지 일원",2017,영월에 코에너지,김리하
wind,60.0,"경북  봉화군  석포면  석포리  산1-2,  승부리  산1-1,    울진군  금강송면  전곡리  산1",2017,유니슨,류지윤
bioenergy,100.0,충남  서산시  대산읍  독곶2로 50  일원,2017,씨지앤 대산전력,린지앤(중화인민공화국)
others,15.4,경북  안동시  풍천면  도양리 1424번지,2017,경북그 린에너지센터,박성만
bioenergy,29.9,경북  구미시  1공단로6길  54,2017,구미그 린에너지,김기환
others,9.9,경기도 연천군 전곡읍 양연로 490,2017,이엔테크 ,전영수 
solar,55.0,경북  봉화군  봉화읍  도촌리  산70-1외  30필지,2017,우리파워15호,이영경
solar,95.0,제주시  구좌읍  송당리  산78번지외  86필지,2017,제주에 너지개발,김형남
others,3.4,충북  청주시  청원군  북이면  신대석성로  253-4,2017,진주산업,남상부
wind,6.0,경남 양산시 원동면 대리 1039-3번지,2017,원프랜트,최명성
wind,45.0,경북  봉화군  소천면  고선리  산1,2017,우람에너지,홍종후
wind,21.6,전남  무안군  해제면  석룡리  산51-8번지  일원,2017,해제풍력,김영건
solar,98.0,"전남 영암군 영암읍 한대리, 태양광 금정면  연소리,  연보리  일원",2017,영암태양광발전,기찬수 
solar,18.3,"경남  양산시  상북면  내석리  산 193-3외 4필지(산193-3, 산213,  산231-1,  산234-1,   산235)",2017,아이블루솔라,김기홍
solar,65.0,"충남  서산시  부석면  창리  620, 621,마룡리  981번지",2017,현대건설,정수현
gas,40.0,경기도  김포시  향촌읍  학운리 3379(학운2일반산업단지),2017,GS에너지,하영봉
bioenergy,105.0,전남  여수시  월내동  1393,2017,한국동서발전,김용진
gas,30.8,서울시  강서구  마곡동  91번지 일원,2017,두산건설,이병화
wind,147.0,강원도  평창군  대관령면  유천리  산1번지  일원,2017,동진풍력발전,김재종
others,9.0,충남  홍성군  은하면  구항남길 286-48,2017,덕천에너지 ,유주호 
others,9.9,경남  창녕군  대합면  대곡리 299-6일원,2017,덕영에너지,제갈종식
wind,16.8,"경북  영덕군  영해면  괴시리  산66-1,  산67-1,  산66-5",2017,해파랑에너지,최성권
solar,60.0,"경북  봉화군  봉화읍  화천리  산1-1,  산1-11",2017,봉화화 천태양광발전소,이영경
hydro,8.4,"전남  여수시  중흥동 1731, 1740번지,전남  여수시  적량동 1337번지  등  3필지",2017,윈드로 즈이앤씨,김미중
gas,26.4,광주시  서구  치평동  662-1번지  일원,2017,두산건설,이병화
gas,39.6,인천시  동구  송림동  8-344  일원,2017,두산건설,이병화
wind,82.5,"경남  고성군  하일면  학림리  산113,  산94,  산116,  산117,  산161-1,  산166,  산169,    산170, 산173-1,  산187,  산188,  산189, 수양리  산56-1,  오방리  산3,  산9,  상리면  동산리  산90-1,  산133-2",2017,지에스 이피에스,허용수
wind,39.6,"강원도  삼척시  도계읍  상덕리 산1,  구사리  산51,  산26,  심포리  산113-1번지  일원",2017,코오롱글로벌,윤창운
wind,45.6,충북  단양군  영춘면  장발리  산134-1번지  일원,2017,청송에너지,서경순
wind,126.0,"강원도  양구군  해안면  만대리, 월산리,  이현리,  후리  일원,  인제군  서화면,  가전리,  심적리 일원",2017,글로벌 윈드에너지,최용선
wind,40.0,부산시  해운대구  중동  591-15번지  해상,2017,지윈드스카이,이용우
wind,30.0,강원도  정선군  임계면  임계리 산8번지  일원,2017,씨스포빌,박상무
wind,39.0,강원도  삼척시  가곡면  오목리 산21번지,2017,명성파워그린,박정학
wind,300.0,전남  신안군  자은도  서측  공유수면  해상,2017,포스코에너지 ,윤동준 
wind,96.0,전남  신안군  자은도  북동쪽  공유수면  해상,2017,SK  E&S,유정준
wind,42.0,"전남  곡성군  오곡면  침곡리  산39,  송정리  산96  일원",2017,대명에너지,서종현
wind,10.8,경북  청도군  금천면  소천리  산100-1  일원,2017,청도브리즈,박요셉
wind,72.0,경북  의성군  옥산면  감계리  산27번지(황학산)일원,2017,에스케 이디앤디,함 스 테판윤성
wind,19.2,부산시  강서구  대항동  산13-2번지  일대,2017,가덕대항주민바람,장기태
wind,84.0,"강원도  홍천군  내면  율전리  산188-2,  산182,  산  183,  산184, 산185번지",2017,홍천율전풍력발전,"구영임, 이정욱"
wind,39.0,"강원도  원주시  판부면  신촌리 산80,  금대리  산120번지",2017,명성파워그린,박정학
solar,30.0,"전남  무안군  운남면  연리 1126-10,  1126-77,성내리 560-12,  560-13",2017,무안햇빛발전소,윤찬국
solar,25.0,"전남  해남군  현산면  구시리  산 183-7번지,  산  183-17,  산183-18",2017,이촌태양광발전,이인규
wind,66.0,"강원도  평창군  대관령면  유천리  산143,  용산리  산174,  산142,  수하리  산1,  진부면  호명리  산41,    산77-1,  송정리  산77-2,  봉산리  산1번지",2017,태환윈드파워,이기경
wind,39.0,"전북  김제시  광활면  창제리(1478-11,  1480-16,  1483-27, 1479-5,  1481-11,    1485-10, 1276,  1297,  1207-11,  1131, 1281,  1194,  1207-3)",2017,창신풍력,윤선우
gas,100.0,강원도  동해시  구호동  223번지(북평국가산업단지  內),2017,한국동서발전,한국동서발전사장
bioenergy,5.0,전북  완주군  봉동읍  완주산단1로  229,2017,엔프로텍,고원영
bioenergy,5.5,경기도  연천군  청산면  초대로 246,2017,씨에스에너지,전원태
bioenergy,15.0,대구시  달서구  성서공단남로 129(월암동),2017,리클린대구,김종호
others,9.5,전남  무안군  청계면  송현리  산78-5,2017,ES무안,신경수
wind,92.4,"경북  경주시  감포읍  오류리  산 320번지  외  4필지(산  41,  산 52-1,  산  236-4,산  243-2)",2017,파인드그린,한태식
wind,42.0,"강원도  삼척시  하장면  어리  산63,  산65-2,  산105,  산104,  산122,  산122-3,  산93-1,    산94, 산65-3,  산85-1,  산104-4,  산36번지",2017,명진풍력발전,김재종
wind,38.0,강원도  평창군  진부면  상월오개리  산97-1일원,2017,동성,"김장수, 김흥식"
solar,9.5,전북  익산시  금마면  동고도리 산  34-3외  22개필지,2017,성원,김태중
solar,6.0,전남  신안군  안좌면  내호리  일원,2017,농업회사법인 스마트팜,김창휘
others,5.0,제주시  한경면  용수리  전역  3 km  해역,2017,선박해양플랜트연구소,서상현
others,19.8,서울시  강동구  고덕동  10-4 (고덕동),2017,에스케이건설,조기행
others,6.5,전북  군산시  내초동  201-7,2017,군산그린에너지센터,최환재
others,9.9,전남  영광군  홍농읍  성산리  산1번지,2017,영광열병합발전,김현남
wind,60.4,전라남도  순천시  승주읍  도정리  산55  번지  등,2017,바랑산풍력,윤선우
wind,19.2,강원도  태백시  창죽동  산1-172번지,2017,삼수풍력발전,미쯔오카히데노리
solar,98.0,"전남  해남군  산이면  상공리 1147,  1156번지,구성리  653, 651,  650번지  일원",2017,솔라시도태양광발전,이성오
wind,9.5,"경남  양산시  어곡동  산342-1, 산340,  산282,  산2-1번지",2017,아시아드티앤디,송영범
wind,19.2,부산시  강서구  동선동  산74-2번지  일원,2017,가덕풍력,황영식
wind,42.0,"강원도  삼척시  도계읍  상덕리 산1-2번지,  황조리  산159번지, 신리  산138번지  일원",2017,비에스에너지,신상일
solar,50.0,경북  의성군  점곡면  송내리  산 60-1외  2필지,2017,점곡태양광발전소,강형주
others,19.2,제주특별자치도  제주시  구좌읍 동복리  산56-34번지  일원,2017,제주특별자치도,원희룡
others,9.9,전북  새만금  농생명용지  5공구내(BL  173-2),2017,한국동서발전,사장
wind,45.0,전북  김제시  광활면  창제리 1381-12번지  등,2017,삼현풍력,윤선우
bioenergy,9.9,경북  영덕군  지품면  삼화리  산 바이오에 155,2018,영덕그린에너 지,이종은 
wind,60.0,"경북  포항시  남구  오천읍  진전리  산31,  산27,  산6-1,장기면 산서리  산335번지",2018,케이에스파워,김정희
solar,45.0,충남  태안군  이원명  포지리 1249번지  일원,2018,한국서부발전,정영철
solar,25.0,"전남  해남군  현산면  구시리  산225-12번지  일원(구시리  산 225-12,  356-3,  356-4,  356-6, 356-7,  356-8,  704-1,  704-5, 고현리  산  40-1)",2018,이촌태양광발전,이인규
wind,30.0,"강원도  정선군  정선읍  북실리 산50,  산55,  산56,  산28번지  일원",2018,코포스,최규석
wind,21.0,"전남  순천시  승주읍  월계리  산51,  산56번지",2018,에스씨에너지,서진영
wind,4.2,전남  순천시  서면  비월리  산127-1임,2018,에이치원에너지,이혜정
wind,32.0,전남  신안군  하의면  후광3리(장병도)  산50번지  일원,2018,제이에스파워,김승경
wind,16.8,강원도  평창군  봉평면  진조리 산80-9번지,2018,대관령풍력 ,정해주 
gas,11.4,"대전시  유성구  원신흥동 524-4,  100  외(LH  대전에너지사업단  내)",2018,서브원,이규홍
gas,19.8,인천시  서구  금곡동  457  일원,2018,아이에코에너지,임희재
gas,80.0,"충북  진천군  덕산면  용몽리 282,  합목리  321번지",2018,제주에너지개발,김형남
bioenergy,35.0,울산시  울주군  온산읍  우봉길 3-36,2018,무림P&P,김석만
wind,12.3,전남  영광군  백수읍  하사리 3038번지(백수로3길  132-1)외 공유수면  일원,2018,전남테크노파크,김병일
wind,60.0,"전남  영암군  서호면  금강리  일원(산90,  산99,  905,  933,  972, 999,  1031,  1067,    1114,  1147, 745-1,  951,  982,  1024,  1051, 1108,  태백리  804,  820,  835, 566-1)",2018,태금풍력,윤선우
wind,45.0,"전남  순천시  월등면  계월리  산 149-2,  산3-2,  산150-2",2018,대율풍력 ,장동진 
solar,50.0,충북  충주시  앙성면  중전리  산35외  190필지,2018,한으뜸태양광,유수현
solar,20.0,전북  진안군  정천면  모정리 471-11번지  일원,2018,한국수자원공사,이학수
solar,5.0,경기  과천시  막계동  338외  71필지,2018,시민햇빛발전소,허기무
solar,5.0,경기  과천시  막계동  258외  70필지,2018,시민햇빛발전소,허기무
wind,50.4,전남  영광군  염산면  두우리 1105번지  일원,2018,기림에너지,민동성
solar,91.0,전남  신안군  임자면  대기리 32-11외  32필지,2018,해솔라에너지,추정례
wind,18.0,강원도  태백시  창죽동  9-183 등  24필지(매봉산  일원),2018,한국중부발전,한국중부발전사장
wind,16.0,"강원도  양구군  남면  원리  산2-1,  산1-1,  산110,  도촌리  산1번지  일원",2018,산해그린에너지,이희승
wind,60.0,"전남도  순천시  승주읍  두월리 산221,  산222,  산229",2018,신두풍력 ,김명주 
gas,19.8,서울시  강동구  아리수로  131,2018,서울  암사연료전지  발전사업,조기행
solar,330.0,충남태안군안면읍중장리57-20외198필지,2018,쏠팩,이재호
solar,9.8,충남  당진시  석문면  교로3리 1026외  203필지,2018,당진에코파워,정진철
wind,30.4,강원도  영월군  상동읍  덕구리 산10-14일원,2018,동성,"김장수, 김흥식"
wind,6.9,충북  제천시  백운면  운학리  산285-1번지,2018,대관령풍력,정해주
wind,14.4,전남  무안군  해제면  대사리  산3번지  일원,2018,대사리풍력,정의헌
wind,46.0,"경북  영덕군  강구면  상직리  산 73,  산74,  산97,  산99,  산101, 산110,  산111,  산114-1,    산145-1,  산143,  산145-2",2018,대한그린에너 지,박근식 
wind,60.0,"전남  곡성군  죽곡면  신풍리  산5,  산1-1,  산1-3,  산69,  산21, 산22,  산23  봉정리  산152,    산153-1,  산166,  산185,  산186, 산189,  산195",2018,천지에너지,백정수
wind,18.0,경북  영덕군  지품면  옥류리  산144번지(사유지),2018,영덕지품,김두리
gas,39.6,경기도  남양주시  다산동  5583 일원,2018,LG  CNS,김영섭
wind,4.6,경북  포항시  남구  호미곶면  구만리  산38,2018,가덕풍력,이상준
solar,5.0,"전북  군산시  자유무역3길  19(오식도동  502-1),  KHE  공장 건물지붕  위",2018,새만금솔라에너지,문용주
solar,70.0,강원도  홍천군  북방면  북방리 산53-21  외  58필지,2018,북방태양광발전소,하영복
solar,4.2,경기도  화성시  송산면  칠곡리 17-24  외  15필지,2018,KC솔팜1호,나건현
wind,60.0,강원도  영월군  상동읍  천평리 산26-4번지,2018,더윈에너지,조용기
others,8.0,"인천시  중구  북성동1가  6-39, 6-145",2018,선창산업,김영환
others,19.8,경남  양산시  동면  석산리 640-28  외  남양산톨게이트  內,2018,경동도시가스,나윤호
others,9.6,인천시  서구  백범로  934번길 23,2018,호랑에너지,오대환
wind,42.0,"전남  영암군  영암읍  학송리  산16,  농덕리  산46,  한대리  산45, 산53,  산55-15,  산55-3",2018,SM영암파워,이흥섭
wind,99.0,경북  영덕군  남정면  양성리  산45-1번지  일원,2018,신영덕풍력발전,장금옥
wind,58.8,경북  영덕군  남정면  원척리  산 16-1번지  일원,2018,영덕주민바람,박병진
wind,12.6,전남  순천시  삼거동  산209,2018,에스씨에너지,서진영
wind,99.0,강원도  삼척시  가곡면  풍곡리 산128-63번지,2018,히든파워 에너지,이동건
wind,19.8,전남  순천시  낙안면  창녕리  산113번지  외  10필지,2018,서순천풍 력발전,박범진
gas,150.0,제주시  서귀포  안덕면  화순해안로  106,2018,한국남부발전,사장
others,11.5,울산광역시  남구  여천로  228,2018,울산이앤피,주승환
others,9.9,대구광역시  달성군  다사읍  다사로 799(대구그린에너지센터 內),2018,지에스건설,임병용
gas,30.0,경남  양산시  물금읍  범어리 2762-6(부산대학교  양산캠퍼스 내),2018,LG  CNS,김영섭
others,9.6,인천시  서구  백범로  934번길 23,2018,호랑에너지,오대환
others,20.0,충북  영동군  용산면  한곡리  영동산업단지  BL  13-1,2018,다온에프씨,신성용
others,5.3,전북  군산시  외항6길  67  서안주정  유휴부지내,2018,서안연료전지,김낙서
solar,5.6,"충남  서산시  대산읍  대죽2로 15, 8동(석고보드3호기  지붕 위)",2018,케이씨씨,"정몽진, 정몽익"
solar,25.0,"전남  해남군  현산면  구시리  산 183-7,  183-16번지",2018,이촌태양 광발전,이인규
wind,7.5,경북  포항시  남구  오천읍  진전리  산88-1번지,2018,동국에스앤씨,양승주
solar,4.0,인천시  강화군  길상면  장흥리 146  일원,2018,한국농어촌공사,최규성
solar,4.0,인천시  강화군  송해면  숭뢰리 68  일원,2018,한국농어촌공사,최규성
solar,8.0,충남  천안시  동남구  목천읍  서 흥리  418  일원,2018,한국농어촌공 사,최규성 
wind,136.0,울산시북구정자항앞공유수면,2018,에스케이건설,조기행
others,100.0,충북  보은군  삼승면  우진리  보은산업단지  16-1  BL,2018,보은그린에너지,김형남
gas,10.0,강원도  강릉시  사천면  산대월리  540번지,2018,제이에스이엔디,한소진
gas,20.0,강원도  강릉시  사천면  산대월리  540-2번지,2018,제이에스이엔디,한소진
bioenergy,24.9,충남  서산시  대산읍  대죽리 753-13  내,2018,서해열병합발전,이준상
wind,84.0,강원도  강릉시  왕산면  대기리 산3번지  일원,2018,동국S&C,양승주
wind,49.8,전남영광군염산면두우리공유수면일원,2018,대한그린에너지 ,박근식 
wind,151.2,"전남영광군낙월면송이리,염산면두우리공유수면일원",2018,씨더블유엔알이,이점영
solar,40.0,경북  의성군  의성읍  철파리  산58-1일원(21필지),2018,청암에너지,장진출
solar,34.0,전남  여수시  율촌면  신풍리 13-56외  전면  애양원  공유수 면,2018,지에스건설 ,임병용 
solar,10.0,인천시  강화군  교동면  고구리 73  일원,2018,한국농어촌공사,최규성
solar,17.0,인천시  강화군  교동면  난정리 306일원,2018,한국농어촌공사,최규성
wind,36.0,경남  거제시  남부면  저구리  산128-1번지  일원,2018,저구풍력발전,하태봉
wind,99.0,"전북  군산시  옥도면  관리도, 방축도,  횡경도일원",2018,군산에코이엔지,문택주
solar,100.0,전남  신안군  증도면  대초리 1671번지  외  32필지,2018,신안증도태양광,손일선
gas,14.4,전북  완주군  봉동읍  장구리 578-6(테크노밸리산업단지내),2018,테크노그린,안효중
others,7.3,경기도  이천시  호법면  중부대로  798번길  128,2018,이천뉴파워,권혁영
others,9.5,서울시  노원구  덕릉로  70길 99,2018,노원뉴파워,황금연
coal,5.5,대전시  대덕구  문평동로48번길  125,2018,동양환경,이근규
others,5.5,경기도  양주시  남면  삼일로485번길  67-22,2018,동양그린에너지,금미숙
wind,93.2,"전남  화순군  동복면  유천리  산22,  신율리  산5,  가수리  산102번지  일원",2018,동복에너지,이오숙
gas,20.0,경남  함안군  군북면  여명로 310,2018,비에이치아이,우종인
gas,7.8,경기도  안성시  금광면  신양복리  434,2018,성월에너지,전찬범
solar,6.6,"충남  아산시  탕정면  명암리 1305,  1330,  1331(코닝  정밀소재공장  1,2단지  지붕위  및  주차장)",2018,아산신재생복합발전,류준우
gas,40.0,전북  군산시  군산산단로  160,2018,국제해양에너지,이홍열
wind,148.5,전남완도군완도읍망석리해상일원,2018,완도해상풍력,강종식
wind,200.0,전남  완도군  금일읍  사동리 845임  지선  남쪽    해상,2018,한국남동발전,한국남동발전(주)사장
others,7.0,경기도  수원시  영통구  영통로 383,2018,수원뉴파워,서정열
solar,19.9,전남  영암군  서호면  엄길리 1345,2018,해도리태양광발전소,박영실
others,5.5,전북  정읍시  하북동  857-3(정읍제2산단),2018,명일환경,염범태
wind,40.0,"강원도  평창군  대관령면  횡계리  산1-137,  산1-140,  산302번지",2018,평창에코파워,이기경
wind,90.0,강원도  양구군  해안면  현리  산1번지  일원,2019,평화에너지,변주섭
wind,39.0,경북  영천시  임고면  수성리  산11-1번지  일원,2019,지케이윈드,김경수
solar,60.0,"전남  고흥군  두원면  학곡리 1618번지  일원(720,000㎡)",2019,한국남동발전,사장
solar,80.0,"충남  서산시  대산읍  화곡리 1843,  운산리  2423,  2615번지 일원",2019,한국동서발전,박일준
solar,40.0,"경북  군위군  군위읍  대흥1길 48-148외  27필지(731,564㎡)",2019,지앤이파트너스,이상득
solar,90.0,전남  신안군  안좌면  내호리  및 구대리  일원(총  201필지),2019,안좌스마트팜앤쏠라시티,김창휘
solar,17.0,충남  태안군  안면읍  창기리 209-335번지  일원,2019,한국서부발전,김병숙
solar,22.0,충남  태안군  안면읍  중장리 2080-1번지  일원,2019,한국서부발전,김병숙
wind,354.5,"전남  영광군  낙월면  안마도,  송이도  일원  공유수면",2019,명운산업개발 ,김강학 
wind,40.0,"강원도  정선군  화암면  백전리 81-2,  산457,  산465,  산486,  산487,  산493,  산511",2019,그린에너지발전,이상득
solar,20.0,"충남  서산시  대산읍  운산리  2423,  2615번지  일원",2019,한국농어촌공사,김인식
solar,20.0,전남  고흥군  두원면  학곡리  1618번지  일원,2019,한국농어촌공사,김인식
solar,20.0,제주도  서귀포시  표선면 가시리  산  136외  15필지,2019,서귀포사랑,탁민
solar,20.0,제주도  서귀포시  표선면 가시리  산  136외  11필지,2019,아시아그린에너지,최정욱
solar,20.0,제주도  서귀포시  표선면 가시리  산  133외  24필지,2019,가시리사랑,민경탁
solar,20.0,제주도  서귀포시  표선면 가시리  산  133외  9필지,2019,표선발전태양광,최윤이
wind,352.0,경남통영시욕지면동항리및서 항 리 외 항 3 k m 앞 해 상,2019,욕지풍력 ,이광열 
gas,19.8,경기도  화성시  남양읍  북양리  산51번지,2019,삼천리,유재권
others,19.8,전남  여수시  산단중앙로 275(여수국가산단  內),2019,대림에너지,김상우
bioenergy,29.9,경북  영주시  장수면  갈산리  1067  외(갈산일반산업단지  內),2019,대림에너지,김상우
solar,22.0,전남  신안군  안좌면  자라리  816번지외  11필지,2019,빛솔라에너지,정경원
gas,15.0,강원도  동해시  구호동  230번지(북평국가산업단지  內),2019,한국동서발전,박일준
solar,400.0,전남  해남군  문내면  용암리  1308외  190필지,2019,한국남동발전,사장
solar,90.0,전북  군산시  오식도동  앞 공유수면  매립지(1구역),2019,새만금개발공사,강팔문
solar,90.0,전북  군산시  오식도동  앞 공유수면  매립지(2구역),2019,새만금개발공사,강팔문
solar,90.0,전북  군산시  오식도동  앞 공유수면  매립지(3구역),2019,새만금개발공사,강팔문
solar,72.0,"전남  무안군  현경면  동산리 1141, 1142, 1143, 1144,  1145,  1146,  1146-1,   1147",2019,무안솔라파크,백종관
solar,8.0,"전남  무안군  현경면  동산리  1146,  1146-1,  1147",2019,유당솔라,최용훈
wind,218.4,전남  영광군  낙월면  안마군도  서측 4km앞  해상,2019,안마해상풍력,하경호
solar,18.1,제주도 서귀포시 남원읍 위미리  2360  외  15필지,2019,에스케이디앤 디,함스테 판윤성
solar,3.6,"세종특별시  전의면  운주길 14,  한라홀딩스,  세종물류센터  지붕위",2019,디엠솔라,정두운
wind,396.8,전남 신안군 도초면 우이도리 남동측 해상,2019,한화건설 ,최광호 
wind,16.0,전 남 신 안 군 지 도 읍 어 의 리,2019,신안어의풍력발전,이원옥
solar,90.0,전남  영광군  묘량면  월암리  726-1  일원,2019,케이이앤,윤석호
solar,41.9,전남  신안군  상태동리  산 151-8번지  일원,2019,퍼시피코에너지코리아,조동욱
gas,60.7,충남  서산시  대산읍  대죽리  775-1  일원,2019,대산연료전지,진경수
gas,19.8,충북  청주시  흥덕구  산단로  149(SK케미칼  청주공장 내),2019,에스케이디앤디,함  스테판  윤성
gas,19.8,경기도  연천군  청산면  궁평리  612-2번지,2019,연천전곡그린에너지,이성경
gas,19.8,충북  보은군  삼승면  우진리  보은   일반산업단지내(17-1블록),2019,보은꿈나무그린에너지,이한일
gas,40.2,전북 군산시 가도안2길 연료전지( 23(오식도동),2019,연료전지에너 지,이성기 
gas,99.9,울산시  울주군  온산읍  원산리  919-10,2019,에프알피에너지,최민식
gas,9.7,부산시 강서구 명지동 607-641(명지  집단에너지부지내),2019,부산도시가스,김영광
gas,6.2,대전시  유성구  복용동  산22-55,2019,한국서부발전,김병숙
gas,39.9,충북  제천시  왕암동  1413번지(제2산단부지내),2019,제천그린에너지,한경환
gas,40.0,전북  군산시  산단남북로 70번지(국가산업단지),2019,무주에코랜드,손성배
gas,9.8,부산시 강서구 송정동 1662-9,2019,위니스트,조경애
solar,60.0,"강원도  정선군  임계면  임계리  산526,  산542,  산542-1,  산586-1,  산586-5번지",2019,비디아이,안승만
wind,40.0,"강원도  춘천시  동면  평촌리  산37-1,  신이리  산98-1, 품안리  산53-1",2019,지앤이파워,이상득
wind,30.4,"강원도  삼척시  하장면  어리  산120,  산119,  산142, 산138,  산137,  대전리  산34,  판문리   산120,  산147-2,  산158  일원",2019,동성,"김장수,김흥식"
solar,3.8,경북  김천시  어모면  산업단지로39(김천공장 북측 지붕),2019,케이씨씨,"정몽진, 정몽익"
solar,15.0,"부산시  강서구  르노삼성대로 61,  르노삼성자동차주 식회사  공장부지내  주차장 및  건물지붕",2019,부산명지태양광발전 ,박종옥 
solar,95.0,"전남  고흥군  포두면  남촌리  996,  송산리  1636,  길두리 2625, 오취리 1148,1151, 옥강리   1489,1491",2019,고흥신에너지,박근수
solar,70.0,제주특별자치도  서귀포시 남원읍  수망리  산  178외 18필지,2019,제이원,김민규
solar,60.0,"전남  여수시  율촌면  신풍리  808-12외  전면  수면  및 율촌  2산단,  여수국가산단 사이  수로",2019,지에스건설,임병용
gas,24.0,전남  강진군  성전면  송학리  845-5(강진산단  內),2019,에스디에프씨,오형식
gas,30.0,전남  순천시  해룡면  해룡일반산업단지  BL  A3-6-2,2019,지엘,임상수
gas,30.0,전남  순천시  해룡면  해룡일반산업단지  BL  A3-6-1,2019,지엘홀딩스,우혁재
gas,30.0,전남  순천시  해룡면  해룡일반산업단지  BL  A3-5-3,2019,해룡그린파워,김진섭
gas,10.1,"강원도  횡성군  우천면  문암리  117,  118,  119-3,산37-12,산37-14",2019,빅솔라,강우순
gas,10.1,"강원도  횡성군  우천면  문암리  117,  118,  119-3,  산37-12,  산37-14",2019,앤피피,노승일
gas,10.1,"강원도  횡성군  우천면  문암리  117,  118,    119-3,산37-12,  산37-14",2019,코엠퓨얼셀,천병권
gas,10.0,전북  완주군  봉동읍  장구리  583-13 (완주테크노밸리  일반산업단지),2019,레나인터내셔널에너지,이종조
gas,39.9,"경기도  연천군  청산면  궁평리  618,  619번지",2019,연천백학그린에너지,이성경
solar,2100.0,"전북  새만금  방조제  내측 공유수면(02지구, 03지구, 04지구)",2019,한국수력원자력 ,정재훈 
wind,42.0,"전남  곡성군  오곡면  침곡리  산39,  송정리  산96  일원",2019,곡성그린풍력발전,장찬현
wind,36.0,"강원도  태백시  하사미동 산195-1,  조탄동  산55  일원",2019,태백가덕산풍력발전,홍동표
wind,200.0,경기도안산시단원구풍도리인 근 공 유 수 면,2019,서해그린파워 ,이수영 
solar,3.5,광주시  동구  용산동  1-1외 1필지,2019,빛고을메트로,정회걸
gas,99.4,"강원도  영월군  영월읍  팔괴리  1271,  1282,  1286번지",2019,영월그린에너지,박병일
gas,20.1,강원도  영월군  상동읍  천평리  249번지  일원,2019,영월파워,여운철
gas,10.2,강원도  영월군  상동읍  천평리  249번지  일원,2019,천평에너지,김리하
gas,20.1,강원도  영월군  상동읍  천평리  249번지  일원,2019,상동제일에너지,김화준
gas,20.0,충북  옥천군  옥천읍  옥천농공길  53-10,2019,옥천연료전지,이현호
gas,19.8,"충북  음성군  금왕읍  오선리  524-2,  534-2",2019,에스케이디앤디,함  스테판  윤성
gas,60.0,충북  충주시  대소원면  영평리  744,2019,에스케이디앤디,함  스테판  윤성
others,19.8,충북  진천군  초평면  은암리  산35-4    일원(은암일반산업단지),2019,영양윈드파워,정용수
others,19.8,전남  여수시  산단중앙로 141-4(화치동)(한화에너지 여수공장  內),2019,한화에너지,류두형
wind,42.0,"강원도  삼척시  하장면  어리  산65-2,  산105,  산104, 산122,  산122-3,  산93-1, 산94,    산85-1,  산104-4번지",2019,명진풍력발전,김재종
solar,204.0,전남  신안군  안좌면  내호리  및  구대리  일원,2019,안좌스마트팜앤쏠라시티,김창휘
wind,4.3,전남  영광군  백수읍  일원 공유수면,2019,전남개발공사,김철신
gas,19.8,전북  익산시  석암로  3길 80(팔봉동  837),2019,익산팔봉클린에너지,신효철
wind,22.5,"강원도  정선군  신동읍  가사리  산127,  산121-1",2019,지앤이파워,이상득
wind,24.0,"강원도  삼척시  도계읍  늑구리  산19-1,  산10-1",2019,백구풍력발전,"서종현, 박종태"
solar,14.0,전남  여수시  화양면  안포리  1898-18  앞  공유수면,2019,여수안포시에너지,이호혁
solar,25.0,전남  영광군  백수읍  하사리  1874-3번지외  12필지,2019,대한그린에너지,박근식
solar,9.9,"경북  안동시  임하면  신덕리  산93,  96,  97,  100-1, 100-2",2019,전국녹색연합,강향원
solar,9.8,"경북  안동시  임하면  신덕리  산93,  96,  97,  100-1, 100-2",2019,쏠라뱅크,강경원
solar,20.0,충남  당진시  석문면  삼화리  1431  일원,2019,한국농어촌공사,사장
solar,80.0,"충남  당진시  석문면  삼화리  1431,  통정리  1255일원",2019,석문호수상태양광,윤을진
solar,40.3,"경남  합천군  봉산면,  용주면  일원",2019,한국수자원공사,이학수
solar,8.0,"충남  태안군  안면읍  창기리 209-339, 209-354, 209-355, 209-361, 209-362,    209-387",2019,태안창기태양광발전,최재영
solar,7.9,경기도  광주시  초월읍  산수로  642-70(메가허브  곤지암  물류센터  지붕위),2019,와이케이에너지2호,이용규
bioenergy,6.0,전남  강진군  성전면  강진산단로2길  92,2019,스마트그린에너지,김재수
gas,19.8,경북  칠곡군  석적읍  중리 443-11,2019,태환에너지개발,송명건
gas,99.9,전남 강진군 성전면 송학 리  844(강진산업단지  內),2019,강진수소발전 ,한병인 
gas,34.8,전남  광양시  광양읍  초남리  762-4,2019,에이치에스에너지,김기열
gas,19.8,충북  괴산군  괴산읍  제월리  일원(괴산대제일반산업단지),2019,영양윈드파워,정용수
gas,99.0,경북  경주시  강동면  왕신리 261-1(강동일반산업단지  2BL),2019,강동그린에너지,윤석진
gas,49.8,경북  상주시  청리면  마공리  1241,2019,상주에너지,임윤철
gas,97.8,전남  여수시  묘도동  일원,2019,묘도연료전지발전,공용남
gas,20.0,경북  구미시  시미동  168번지,2019,구미연료전지발전,김무영
gas,39.9,충북  보은군  삼승면  우진리  551(보은  일반산업단지 내  10블록),2019,보은그린에너지,한경환
gas,8.0,경기도 파주시 도내리 608-4(서울도시가스  부지내),2019,한국동서발전,사장
gas,9.9,경기도 의왕시 이동 714번 지,2019,한국서부발전 ,사장 
gas,19.8,"충남  아산시  영인면  성내리  174-2,  175",2019,아산성내클린에너지,조준수
gas,19.8,충남  당진시  송산면  동곡리  377(송산2일반산업단지 內),2019,미래그린에너지,김태호
gas,9.9,"강원도  영월군  영월읍  정양리  540,  541-1,  541-2, 566,  567,  568,  569",2019,굿모닝에너지,오태근
gas,9.9,"강원도  영월군  영월읍  정양리  540,  541-1,  541-2, 566,  567,  568,  569",2019,마차퓨어셀,강우순
gas,9.9,"강원도  영월군  영월읍  정양리  540,  541-1,  541-2, 566,  567,  568,  569",2019,앤피피퓨어셀,노승일
gas,9.9,"강원도  영월군  영월읍  정양리  540,  541-1,  541-2, 566,  567,  568,  569",2019,영월퓨어셀,이승협
gas,9.9,"강원도  영월군  영월읍  정양리  540,  541-1,  541-2, 566,  567,  568,  569",2019,코엠연료전지,천병권
gas,19.8,"강원도  횡성군  횡성읍  조 곡리  296,  296-1,  296-2번지  일원",2019,우정에너지 ,조우진 
gas,30.0,전북  군산시  산단남북로 107(오식도동),2019,신산테크,김평옥
gas,5.3,전북  완주군  이서면  반교리  산126,2019,한국서부발전,김병숙
gas,19.8,전북 정읍시 하북동 857-8(2산단4길  7),2019,이도,최정훈
gas,20.0,울산시 북구 효암로 84-13,2019,대원에스앤피,공정식
gas,80.1,"광주시  광산구  연산동  평동3차 일반산업단지(산업8-1,  2,  3블록)",2019,광주그린에너지,김상호
gas,50.0,광주시  광산구  평동산단  1번로  121(장록동),2019,평동하이에너지,박재동
others,8.0,충남  당진시  석문면  장고항리  1421,2019,대성에코발전,김민정
solar,80.0,전남  강진군  신전면  사초리  사내호  일원,2019,강진햇빛발전소,차영옥
solar,20.0,전남  강진군  도암면  학장리  만덕호  일원,2019,만덕솔라에너지,정중근
wind,38.4,"강원도  고성군  현내면  마달리  산3,  산5,  산8,철통리 산61,  산63,  산86번지",2019,고성평화풍력,
solar,30.0,"전 북 군 산 시 옥 구 읍 어 은 리 태양광 1550,1550-1,1550-2,1551,1552,1566,1567,1568,1573-6,1573-119,1573-16,1573-136,                                 1573-26,      1573-35,1575",2019,에너지코 ,이종조 
others,49.8,전남  장흥군  장흥읍  삼산리  749-1번지  일원,2019,아이티에너지,김동석
others,49.8,전남  장흥군  장흥읍  삼산리  749-1번지  일원,2019,아이티에너지,김동석
others,9.9,전남  광양시  광양국가산업단지  명당3지구  A6-④(구지번 :  태인동  1608-22번지  외  6필지),2019,지투그린파워,한민관
others,9.9,전남광양시광양국가산업단지명당3지구A6-④(구지번:태인동1608-22번지외6필지),2019,지투그린파워,한민관
others,99.0,전남 목포시 대양동 1181-3(대양산업단지  내),2019,우앤장홀딩스,"장 동 일 ,우혁재"
others,20.0,충남  당진시  석문면  통정리  1414,2019,지엔씨에너지,안병철
others,30.0,광주시 광산구 연산동 686-1번지  일원(평동3차산업단지  내),2019,광주연료전지발전,차남두
others,39.9,"광주시 광산구 연산동 292-1일원(평동3차  일반산업단지  산업7-5,  8,  9블록)",2019,다스코에너지,한상원
others,60.0,"광주시 광산구 연산동 292-1번지 일원(평동3차 일반산업단지  산업7-6,  7, 10,  11블록)",2019,평동그린에너지,마채구
others,90.0,경북  구미시  산동면  국가5산업단지(하이테크밸리)  내,2019,케이제이그린에너지,김학봉
others,40.0,"전북  군산시  옥구읍  어은리  1550,1551,1552",2019,삼양마에너지,이종조
gas,8.0,"전북  군산시  외항로  864(소룡동  1648,  군산국가산업단지내)",2019,소룡연료전지,김낙서
gas,20.0,강원도  춘천시  동산면  봉명리  1098번지(동춘천산업단지  2-1구역),2019,춘천그린파워,김용철
gas,19.8,경남  밀양시  하남읍  양동리  834-1,2020,밀양수소발전,박인호
gas,39.6,경남  밀양시  하남읍  양동리  836-1,2020,밀양연료전지발전,신진욱
wind,37.8,강원도  홍천군  내촌면  와야리  산12-1번지,2020,씨에스에너지,이상업
wind,60.0,전남  순천시  송광면  우산리  산127외  5필지,2020,송광풍력,이동규
wind,70.0,"경북  포항시  북구  청하면(신흥리  산97,  산104-3),금장리(산9,  산  77,  산82,  산91,  산102)",2020,에스에이치파워,김성훈
wind,65.0,전남  해남군  화원면  매월리  산71-2번지  일원,2020,지에스이앤알,정찬수
solar,200.0,전남  신안군  비금면  일원,2020,비금주민태양광발전,곽정민
solar,66.0,전남  신안군  비금면  덕산리  1-25번지  외  43필지,2020,비금그린에너지,원승재
solar,3.5,전남  신안군  비금면  지당리  1310-1번지  외  4필지,2020,비금그린에너지,원승재
solar,8.5,전남  신안군  비금면  지당리  700-33번지  외  5필지,2020,비금그린에너지,원승재
solar,9.0,전남  신안군  비금면  가산리  213-40번지  외  6필지,2020,비금그린에너지,원승재
solar,4.0,전남  신안군  비금면  가산리  375-1번지  외  1필지,2020,비금그린에너지,원승재
gas,20.0,"충남  아산시  둔포면  염작리  92-10,  92-28",2020,아산테크노그린에너지,최성달
others,20.0,충남  서산시  무장리  1737(서산오토밸리산업단지  內),2020,서산엑스연료전지1호,이다은
others,20.0,충남  서산시  무장리  1738(서산오토밸리산업단지  內),2020,서산연료전지,이창훈
others,60.0,전남  목포시  대양동  1181일원(대양 일반산업단지 52블록),2020,대양에프씨에너지,강종연
gas,40.0,경남  고성군  율대리  686-5,2020,청우E&S,민병원
gas,19.8,"전북  군산시  산북동  1980, 1980-1",2020,군산엑스연료전지1호,조희송
wind,19.2,강원도  삼척시  도계읍  구사리  산53  일원,2020,구사풍력발전,노광철
wind,19.2,강원도  태백시  통동  산67-1  일원,2020,메카그린에너지,노광철
solar,14.7,전남  신안군  안좌면  한운리  산  223-1  일원,2020,케이에스피1호,이슬기
others,15.0,전남  여수시  여수산단로 1203  일원(여수국가산업단지  內),2020,한국동서발전,한국동서발전 대표
others,19.8,"전남  영암군  삼호읍  삼포리  353-2,  353-4번지",2020,삼포혁신밸리,이수영
others,9.0,전남  순천시  해룡면  순천해룡산단(2단계)10A-2블록,2020,주만에너지,김성희
others,100.3,경북  경주시  강동면  왕신리  산64  일원(강동일반산업단지  20블럭),2020,진성이티에스,이완수
others,40.0,경북  경주시  안강읍  노당리  351번지  외  17필지,2020,경주노당그린에너지,라윤권
gas,20.0,"충남  아산시  둔포면  염작리  92-10,  92-28",2020,아산테크노그린에너지,최성달
gas,40.0,충북  단양군  적성면  대가리  산6-1,2020,디에스에너지이호,위재성
gas,25.0,"강원도  영월군  상동읍  천평리 168, 169, 169-3, 169-4,  170,  170-3,  171번 지",2020,더윈에너지 ,조용기 
gas,29.7,강원도  춘천시  신북읍  지내리  625번지,2020,춘천그린에너지,유수미
gas,19.8,경남  함안군  가야읍  사내리  사내일반산업단지內,2020,사내그린에너지,이현진
gas,19.8,경기도  파주시  탄현면  낙하리  55-24,2020,파주에코그린에너지,김기호
wind,16.0,전남신안군지도읍어의리어의도앞해상,2020,천사어의풍력발전,이도명
wind,10.0,전남영광군염산면두우리공유수면일원,2020,야월 2 해상 풍력발전 ,류지윤 
wind,4.2,강원도  영월군  상동읍  구래리  산1-35번지  일원,2020,구래주민풍력,김석면
wind,71.4,강원도  양양군  서면  내현리  산112-1  일원,2020,케이그리드,김재학
solar,4.3,경기도  평택시  포승읍  만호리  349-5일원,2020,한국서부발전,사장
others,8.5,경북 상주시 선상서로 2389-66(거동동),2020,상주연탄,"이 기 영 ,이수형"
wind,96.0,전남해남군화원면매월리인근공유수면,2020,매월해상풍력,김인배
solar,30.0,"충남  태안군  이원면  포지리  1249,  관리  1570",2020,이원신재생에너지복지마을,김철웅
gas,495.0,경기도  김포시  양촌읍  학운리  3379,2020,"청라에너지(주), 한국서부발전(주), GS에너지(주)   컨소시엄",
wind,96.0,부산사하구다대동산145지선남쪽해상,2020,부산해상풍력발전,"이지민,최우진"
wind,304.0,전남영광군낙월면안마군도서측5km앞해상,2020,안마해상풍력 ,하경호 
solar,10.0,전남  나주시  평산동  318번지외  26필지,2020,그린아이씨티,정상욱
others,60.0,전남  목포시  대양동  1181일원(대양  일반산업단지 52블록),2020,대양에프씨에너지,강종연
solar,40.0,충남  당진시  석문면  초락도리  458-5번지  일원,2020,동광태양광발전,김승유
solar,8.0,강원도  양구군  양구읍  수인리  일원(소양강),2020,한국수자원공사,박재현
solar,25.0,전남 신안군 비금면 도고리 156-1,2020,해오름호솔라 전남  신안군  비금면  도고 ,김선중 
solar,20.0,전남  신안군  압해읍  고이리  95-11외  10필지,2020,일광솔라,추정례
wind,288.0,전남여수시삼산면평도및광도인근공유수면,2020,삼해개발 nan,이동진 
wind,84.0,전남 해남군 해남읍 내사 리  1743-1외  19필지,2020,해남에너지솔 루션,홍용근 
solar,15.0,전북  새만금지구  농생명용지  2공구  내  공유수면,2020,한국농어촌공사,김인식
solar,52.0,"전북  새만금지구  농생명용지  1-1  및  2공구  내  공유수면,  전북  군산시  옥구읍 어은리  1536,  오곡리  534,   수산리  699번지,  전북  김제시  진봉면  심포리 1666-12번지",2020,한국농어촌공사,김인식
wind,233.5,인천옹진군굴업도인근공유수면,2020,씨앤아이레저산업 ,이상룡 
wind,8.4,"강원도  양양군  현남면  상월천리  산1-1,현북면  어성전리  산2번지  일원",2020,한국동서발전,박일준
solar,5.5,전남  신안군  신의면  상태동리  산  150-1  일원,2020,에스지이1호,이슬기
solar,4.5,전남  신안군  신의면  하태동리  151-1  일원,2020,에스지이2호,권구성
solar,18.0,"경북 안동시 임하면 신덕리  산93,  96,  100-1",2020,신덕송계태양 경북  안동시  임하면  신덕 광발전,한광현 
solar,15.0,전남  신안군  임자면  이흑암리  153-11  외  2필지,2020,장포솔라,원승재
gas,501.4,경북  구미시  해평면  괴곡리26  일원,2020,한국서부발전,한국서부발전(주)  사장
wind,20.0,강원도  정선군  화암면  몰운리  산227  일원,2020,지앤이윈드파워,이상득
wind,320.0,전남  여수시  삼산면  손죽리  일원  공유수면,2020,여수삼산해상풍력 ,문창배 
wind,69.3,전북고창군상하면용정리앞공유수면,2020,동촌풍력발전 ,박식 
wind,210.0,충남당진시난지도일원공유수면,2020,윈드웨이,박주원
wind,30.0,경북  청도군  운문면  봉하리  산  195일원,2020,에스케이디앤디,함스테판윤성
solar,30.0,전남  영암군  미암면  호포리  1235  일원,2020,엠에스피,주태경
solar,20.0,전남  영암군  미암면  호포리  1428  일원,2020,피에스에스1호,조진기
wind,78.0,"경북  의성군  점곡면  사촌리,  송내리  일원",2020,티큐디에네르히아,이창선
others,8.4,광주광역시  광산구  손재로 287번길  59(강동일반산업단지  10-1BL),2020,한국서부발전,사장
others,19.8,"경기도  화성시  남양읍  북양리  산51번지,  53번지",2020,한국서부발전,사장
others,9.6,경기도  광주시  초월읍  신월리  산14,2020,한국서부발전,사장
others,9.6,경기도  이천시  관고동  160번지,2020,한국서부발전,사장
others,9.0,"경북  고령군  쌍림면  안림리  443-2,  450-6번지",2020,한국서부발전,사장
others,27.3,경북  칠곡군  왜관읍  공단로  4길  32-28,2020,닥실연료전지,최병호
others,29.9,경북  칠곡군  왜관읍  공단로  6길  53,2020,왜관연료전지,조한철
others,60.0,경북  경주시  강동면  왕신리  산  51번지  일원,2020,에스에이치지이,이길형
others,20.0,전남  나주시  동수동 405-5(나주혁신산단  부지 내),2020,아이티파워나주연료전지발전소,신양우
gas,105.6,강원도  춘천시  동산면  봉명리  1099(동춘천  일반산업단지  내),2020,동춘천그린에너지,조중장
gas,15.0,전북  익산시  석암로  3길 80(익산제2일반산업단지 내),2020,한국서부발전,김병숙
gas,15.0,전북  익산시  석암로  3길 80(익산제2일반산업단지 내),2020,한국서부발전,김병숙
gas,4.0,강원도  동해시  구미동  2번지,2020,한국동서발전,박일준
gas,20.0,충남  아산시  둔포면  염작리  92-28,2020,중흥에너지,강민구
gas,20.0,충남  아산시  둔포면  염작리  92-28,2020,유에이치에프,김진수
gas,39.9,"충북  충주시  대소원면  영평리  757,  760",2020,에스케이디앤디,함  스테판  윤성
gas,19.8,충북  보은군  삼승면  우진리(보은산업단지  내),2020,금양에코파크,이윤필
gas,9.9,충남  당진시  석문면  산단4로  341(석문국가산업단지 내),2020,석문에너지,시명권
gas,39.6,충남  당진시  합덕읍  석우리  1222,2020,당진그린에너지,임재평
gas,34.8,부산광역시  강서구  범방동 1911-8(일반산업단지內),2020,아스타에너지,류창형
gas,11.1,경기도  파주시  탄현면  낙하리  55-21,2020,파주낙하그린에너지,김기호
gas,8.0,경기도  파주시  문산읍  운천리  4-5,2020,한국동서발전,박일준
others,19.8,전남  순천시  해룡면  호두리  1201-10(해룡일반산업단지  내),2020,솔라레이진도,박용설
others,19.8,전남  순천시  해룡면  호두리  1201-9(해룡일반산업단지  내),2020,솔라레이진도,박용설
gas,19.8,강원도  고성군  죽왕면  가진리  산47번지,2020,고성그린에너지,김병훈
solar,99.0,"전남  완도군  약산면  관산리,  우두리  등  176필지",2020,쏠리스,박병훈
solar,160.6,충남  당진시  석문면  초락도리  966번지  외  510필지,2020,지에스당진솔라팜,이정욱
solar,77.4,충남  당진시  석문면  초락도리  1672번지  외  257필지,2020,지에스당진솔라팜,이정욱
solar,19.8,강원도  태백시  동점동  동 점산업단지  블록  3-3,2020,거산에너지 ,권오정 
gas,20.1,경북  영덕군  영덕읍  매정리  1162번지  일원,2020,영덕매정에너지,최재혁
gas,20.1,경북  영덕군  영덕읍  매정리  1162번지  일원,2020,팜그리드,김남중
others,19.8,전남  목포시  대양동 1181-1,2020,더존에너지,전주호
others,19.8,전남  목포시  대양동 1181-5,2020,스타힐스에너지,이정석
wind,400.0,전북  부안군  위도  남쪽  공유수면,2021,한국해상풍력 ,여영섭 
wind,400.0,전남신안군임자면북서쪽공유수면,2021,신안대광해상풍력 ,추정례 
wind,400.0,전남  완도군  금일읍  사동리  남쪽  공유수면,2021,한국남동발전,사장
others,15.0,"경남  밀양시  하남읍  양동리  835-1,  밀양하남일반산업단지  내",2021,한국서부발전,김병숙
wind,399.0,전남신안군자은도북서쪽공유수면,2021,에스케이이엔에스,유정준
wind,399.0,전남  신안군  자은도  서쪽 공유수면,2021,에스케이이엔에스 ,유정준 
solar,33.0,전남  신안군  안좌면  내호리  653번지  외  60필지,2021,그린테크시티,김희수
solar,40.0,리  240번지  외  85필지,2021,그린테크시티 전남  신안군  안좌면  대우 ,김희수 
gas,19.8,충남  아산시  둔포면  염작리  92-28,2021,둔포그린에너지,박성윤
gas,15.0,경북  포항시  남구  대송면 대각리  산168-1,2021,한솔스틸,이충환
bioenergy,9.9,강원도  태백시  장성동  산3-2  일원,2021,한국지역난방공사,황창화
others,19.8,전남  목포시  대양동 1182-2(대양일반산업단지 50블록),2021,태염에너지,박명기
wind,240.0,전남해남군문내면무고리인근공유수면,2021,궁항해상풍력발전 ,김인배 
wind,504.0,충남태안군근흥면석도/난도중간북방해상,2021,태안풍력발전,추병원
gas,40.0,충남  아산시  둔포면  관대리  53-12번지  일원,2021,효성에너지,조현수
gas,20.0,경기  용인시  처인구  포곡읍  금어리  16번지  일원,2021,케이에너지,권현철
solar,36.0,전남  신안군  증도면  대초리  1653번지  외  10필지,2021,신안증도태양광,윤정원
gas,15.0,경북  문경시  신기동  942번지  일원,2021,한국서부발전,김병숙
gas,9.0,"충남  천안시  동남구  목천읍  소사리  141-3,  137-6, 145-7",2021,한국서부발전,김병숙
gas,39.0,충남  금산군  추부면  신평리  873-16,2021,디에스티,김윤기
others,19.8,부산광역시  금정구  회동동 555-4,2021,부산다이나믹에너지,이호석
others,19.8,전북  군산시  비응도동 36-23(군산2국가산업단지내),2021,에스지씨에너지,박준영
gas,500.0,경남  함안군  법수면  강주리  1360-3  일원(군북일반 산업단지  내),2021,한국중부발전 ,박형구 
wind,14.4,"강원도  삼척시  도계읍  점리  산47,  산44-2,  늑구리 산242",2021,건의풍력발전,노광철
wind,39.2,강원도  정선군  백전리  산272번지  일원,2021,지앤이윈드파워,이;상득
solar,60.0,충남  태안군  원북면  방갈리  796번지  일원,2021,한국서부발전,김병숙
others,6.2,강원도  강릉시  강동면  임곡리  산25번지(강릉시자원순환센터  부지  내),2021,강릉시청,강릉시장
gas,19.8,강원도  태백시  동점동  동점산업단지  블록  3-4(태백시  동점산업단지내),2021,티비에너지,김동현
gas,19.8,"경북  경주시  강동면  왕신리  산36,  37",2021,경주그린연료전지,정부환
gas,1000.0,"전남  여수시  월내동  280, 1393",2021,한국동서발전,박일준
gas,500.0,전남 여수시 묘도동 2016,2021,한국서부발전,김병숙
others,39.6,산업단지  B-05,2021,한국수소발전 경남  하동군  금남면  대송 ,이현동 
wind,90.0,"경북  포항시  남구  오천읍 갈평리  산272번지,  진전리 산127번지  일원",2021,영일신재생에너지,정헌섭
wind,45.0,"강원도  삼척시  도계읍  점리  산182-1,  흥전리  산92-1,  전두리  산67번지  일원",2021,흥진풍력발전,김재종
others,19.8,경남  함안군  가야읍  사내리  1254(사내일반산업단지 내),2021,함안그린에너지,양병선
others,96.8,전남  강진군  신전면  용화리  129-3  등  (25필지),2021,강진에너지,정성욱
wind,400.0,전남  여수시  거문도  동측 20km  공유수면(문섬인근),2021,문도풍력,윤의순
others,5.5,경기도  양주시  남면  삼일로485번길  67-22,2021,동양그린에너지,금미숙
wind,84.0,"경북  봉화군  명호면  관창리  산60-2,  산60-3,  산166, 산170,  산175-4,  산186,  산198",2021,티에스에너지3호,윤정택
others,14.0,광주  광산구  연산동  평동3차  일반산업단지  산업  7-7블록,2021,라온에너지,김연호
gas,19.8,충남  당진시  송악읍  금곡리  322-9  포함  6필지,2021,더블유에너지,위재성
others,20.0,울산  울주군  온산읍  방도리  583,2021,울산수소발전,박찬용
gas,100.3,경남  창원시  성산구  귀곡동  558,2021,하이창원퓨얼셀,이철웅
gas,20.2,경기  안산시  단원구  첨단로  670,2021,한국서부발전,박형덕
gas,290.0,울산시  남구  황성동  처용로  718  일원,2021,SK케미칼,이문석
wind,224.0,경남통영시욕지면동항리좌사리도일원공유수면,2021,현대건설 ,윤영준 
wind,200.0,전남  신안군  임자면,2021,임자해상풍력 ,이용걸 
wind,40.0,강원도  삼척시  원덕읍  산양리  산1,2021,지앤이윈드파워,이상득
wind,36.0,경북  울진군  울진읍  신림리  산234-1번지  일원,2021,한국신림풍력발전,김영신
wind,60.0,"경북  포항시  남구  장기면 산서리  산255번지,  경주시 양북면  권이리  산2,  3번지 일원",2021,더윈에너지,최동호
gas,1000.0,울산광역시  남구  용잠로 623,2021,한국동서발전,김영문
gas,500.0,충남  보령시  오천면  오천 해안로  89-37  보령발전본부  내,2021,한국중부발전 ,김호빈 
wind,256.0,전남  여수시  삼산면  초도리  일원  공유수면,2021,다도오션윈드팜,"한승수,황의정"
wind,40.0,"경북  봉화군  춘양면  우구치리  산1-70,  산1-19",2021,지앤이에너지,이상득
wind,40.0,"강원도  삼척시  근덕면  매원리  산75,  산82,  산184, 산288",2021,지앤이윈드파워,이상득
wind,504.0,울산  동측  60km  앞  공유수면,2021,귀신고래해상풍력발전2호(,"최우진,신정원"
others,9.7,경기  화성시  향남읍  방축리  467,2021,한국서부발전,박형덕
others,39.6,"경기  용인시  처인구  남동 524-5,  530-1",2021,용인연료전지냉난방,정우성
others,9.3,경기  이천시  설성면  자석리  135,2021,파스템그린에너지,박재권
wind,36.0,강원  영월군  북면  마차리 산1-1,2021,지앤이윈드파워,이상득
wind,20.9,"강원도  고성군  현내면  마달리  산3번지,  산5번지,  철통리  산63번지  일원",2021,대명에너지,서종현
others,30.0,"강원도  고성군  간성읍  교동리  산2,  산3",2021,고성하이드로솔루션,박관숙
others,19.8,경남  하동군  금남면  대송리  대송산업단지  A9-2,2021,경남큐에스에프,양원돈
others,20.0,전북  익산시  낭산면  용기리  1946,2021,유진연료전지발전,고진옥
others,4.6,울산  남구  여천동  321,2021,엘에스일렉트릭,박용상
wind,33.0,경북  포항시  북구  청하면 명안리  산24번지  외7필지,2021,가목윈드캠퍼스,황의정
others,19.8,"충북  음성군  음성읍  한벌리  산52,  산54-1",2021,피데스연료전지,김기동
gas,8.0,"울산광역시  울주군  삼남읍 상천리  427-130,  427-474, 427-527,  427-174, 427-251,    427-478",2021,한국동서발전,김영문
gas,20.1,경북  영덕군  영덕읍  매정리  1161번지  일원,2021,영덕에코파워,김화준
gas,9.6,경남  거제시  연초면  오비리  산6-2번지,2021,한국서부발전,박형덕
gas,19.8,강원도  태백시  동점동  동점산업단지  블록  3-6(동점산업단지내),2021,동점그린에너지,정려안
gas,290.0,충남  서산시  대산읍  대죽리  640-6  현대오일뱅크  대산공장,2021,현대이앤에프,김명현
wind,320.0,인천시  중구  용유동,2021,한국남동발전 ,유향열 
wind,296.0,전남  진도군  조도면 가사도리  공유수면,2021,가사도해상풍력 ,백정수 
gas,19.8,울산  울주군  청량읍 상개로 63-76,2021,울산에코에너지,양승군
gas,19.8,경북  안동시  상아동 산3-3,2021,상아대성연료전지,문감사
wind,18.0,"경북  의성군  옥산면 금봉리  산13,  산20, 산22",2021,지앤이윈드파워,이상득
solar,14.9,"제주도  서귀포시  표선면 가시리 3604 등 9개필지(3649, 3646, 3645,  3644,  3652-1,  3652-2, 3652-3, 3668-1)",2021,한국남부발전 ,이승우 
others,19.8,전남  여수시  율촌면 신풍리 5-5번지,2021,(유)금덕,강태훈
others,19.8,전남  여수시  율촌면 신풍리 5-6번지,2021,(유)금덕,강태훈
others,19.8,전남  영암군  삼호읍 난전리 1689-3,2021,하이영암,정유일
gas,19.8,대구광역시 달서구 달서대로210(대천동774) 일원,2021,엘에스일렉트릭,박용상
gas,20.2,부산광역시 강서구 명지동 3043일원(부산 에코델타시티  집단에너지부지 내),2021,부산도시가스,구태고
wind,152.0,전남  여수시  남면  금오도 인근  해상,2021,디엘에너지 ,김상우 
wind,200.0,울산시  울산항  동측  58km 앞  공유수면,2021,동해부유식해상풍력발전 ,자크에티엔질엠마누엘미쉘 
solar,40.0,"충남  태안군  고남면  장곡리  783-1외  6필지,  안면읍 중장리  2300-1외  13필지",2021,태안그린에너지,송상호
gas,512.0,충남  서산시  대산읍  독곶 2로  50,2021,씨지앤대산전력,"이상진,차이우장"
gas,1120.0,경남  고성군  하이면  덕호리  889-6,2021,한국남동발전,김회천
gas,19.6,전북  전주시  완산구  삼산길  51-70,2021,태영건설,이재규
gas,19.8,"경기  화성시  송산면  사강리  256-2,  256-11",2021,송산그린에너지,이지영
gas,40.0,"충남  아산시  둔포면  관대리 53-3,4,5,9,10,12,14,122-9",2021,케이팜에너지,권현철
solar,3.2,충남  보령시  주교면  관창리  1224-1  관창일반산업단지  내,2021,한국중부발전,김호빈
others,40.4,광주시  광산구  고룡동  산56-16,2021,광주진곡퓨얼셀,김덕환
others,19.8,전남 영암군 삼호읍 난전리  1689-3,2021,영암그린파워 전남  영암군  삼호읍  난전 ,유병주 
gas,19.8,"강원도  고성군  간성읍  금수리  산9-5,  9-6",2021,테라와트발전,박용섭
gas,9.0,경북  칠곡군  약목면  복성리  750,2021,에스케이디앤디,함  스테판  윤성
gas,19.8,울산시 북구 효암로 84-13,2021,대원에스앤피,공정식
wind,352.0,전남  고흥군  도양읍  시산도  해상    일원,2021,시산해상풍력 ,이정주 
wind,640.0,전남  여수시  삼산면  손죽리  역만도  일원    해상,2021,다도오션윈드팜 ,"한승수,황의정 "
wind,216.0,전남  여수시  삼산면  초도리  일원    공유수면,2021,여수삼산해상풍력 ,박종호 
wind,504.0,울산시  동측  60km  앞  공유수면,2021,귀신고래해상풍력발전3호 ,"최우진,신정원 "
wind,804.0,울산시동측60km앞공유수면,2021,파이어플라이플로팅오프쇼어윈드 ,Jacques Etienne Michel 
wind,420.0,울산동측63km앞공유수면,2021,문무바람 ,주영규 
solar,99.0,당진시 석문면 교로리  2304  외  117필지,2021,당진행복솔라 충남,차태병
others,19.8,강원도  태백시  동점동  동 점산업단지  블록  3-3,2021,거산에너지 ,김선웅 
gas,19.8,강원도 태백시 동점동 동점산업단지 블록 3-4(태백시 동점산업단지내),2021,티비에너지,김선웅
gas,19.8,강원도  태백시  동점동  동점산업단지  블록  3-6(동점산업단지내),2021,동점그린에너지,김선웅
gas,211.2,전북  군산시 새만금산업단지  5공구 산-13일원,2021,세레스홀딩스,이조앤
others,18.5,경기평택시고덕면해창리1278-1,2021,한국지역난방공사,황창화
gas,6.2,강원도정선군사북읍사북리산155-38일원(하이원리조트부지내),2021,한국서부발전,박형덕
gas,97.7,"울산남구여천동198,209-37(울산미포국가산업단지내)",2021,울산클린하이,이연규
gas,500.0,충남공주시이인면만수리산37-7(남공주일반산단내),2021,한국서부발전,사장
wind,52.8,"강원도  영월군  김삿갓면 옥동리  산10-1,  대야리  산1,  산7,  와석리  산1-3",2022,한국동명발전 ,겅광진 
wind,5.3,"경북  군위군  삼국유사면 화북리  1269-24,  1269-28",2022,자영풍력,"박소영,김정상"
wind,5.3,"경북  군위군  삼국유사면 화수리  산45-1,  산44",2022,자영풍력,"박소영,김정상"
wind,5.3,"경북  군위군  삼국유사면 화수리  산45-1,  산44",2022,자영풍력,"박소영,김정상"
solar,60.0,충남  태안군  원북면  방갈리  796번지  외  51필지,2022,태안햇들원태양광,전종수
gas,39.6,경북  예천군  지보면  매창리  939번지  일원,2022,지에스건설,임병용
others,18.5,전남  여수시  산단중앙로 275(여수국가산단내),2022,에코원에너지,이봉희
wind,870.0,울산광역시  동측  87km  배타적  경제수역내,2022,한국부유식풍력 ,스피리돈  마르 티니스
wind,8.4,"경북  영덕군  영덕읍  매정리  산54,  축산면  고곡리 산139-3번지  일원",2022,한국바람,이교택
wind,504.0,울산  동측  60km  앞  공유수면,2022,귀신고래해상풍력발전1호 ,"최우진,신정원 "
wind,520.0,울산시  온산  해안  동측 80km  공유수면  일원,2022,해울이해상풍력발전1 ,토 마 스위 브 폴센 
wind,518.0,울산시  온산  해안  동측 85km  공유수면  일원,2022,해울이해상풍력발전3,토 마 스위 브 폴센
wind,450.0,울산시  동측  90km  배타적 경제수역내,2022,이스트블루파워 ,스 피 리돈  마르티니스 
wind,420.0,울산  동측  70km  앞  공유수면,2022,문무바람 ,주영규 
wind,420.0,울산동측70km앞공유수면,2022,문무바람 ,주영규 
hydro,500.0,"충청북도  영동군  상촌면 고자리  일원,  양강면  산막리  일원",2022,한국수력원자력,정재훈
hydro,600.0,강원도  홍천군  화촌면  풍천리  일원,2022,한국수력원자력,정재훈
hydro,700.0,경기도  포천시  이동면  도평리  일원,2022,한국수력원자력,정재훈
gas,39.6,"경북  포항시  북구  흥해읍 용한리  산155-4,  죽천리   14-1,  14-2번지(영일만4일반산업단지내)",2022,지에스건설,임병용
gas,14.7,경북  포항시  남구  동해면 상정리  1001-2(포항블루밸리  국가산단내),2022,한국수력원자력,정재훈
gas,19.8,"경북  의성군  의성읍  철파리  531,  532-2,  533-2, 530-1,  530-2  번지",2022,청암에너지,장진출
gas,9.7,"경북  의성군  의성읍  철파리  531,  532-2,  533-2, 530-1,  530-2  번지",2022,청암에너지 ,장진출 
gas,21.0,강원도태백시동점동동점산업단지블록3-5(태백시동점산업단지내),2022,가진,정용주
gas,21.0,강원도  태백시  동점동  동점산업단지  블록  3-5(태백시  동점산업단지내),2022,동도에너지,이사영
gas,13.2,경북 경주시 강동면 유금 리  산44-5,2022,한국수력원자 력,정재훈 
wind,400.0,전남  고흥군  봉래면  신금리  나로도  서쪽    공유수면,2022,동광해상풍력,윤선우
wind,96.0,전남 고흥군 봉래면 신금 풍력,2022,염포해상풍력 ,이상옥 
solar,13.1,충남  태안군  태안읍  어은리  864-1  외  19필지,2022,씨에스태안알파솔라,임지영
gas,19.8,"경북  구미시  산동읍  도중리  구미하이테크밸리  4구역  19B,  102L",2022,구미에코발전,이인문
gas,19.8,경북  안동시  상아동  산3-1,2022,상아그린연료전지,이정섭
gas,19.8,경북  안동시  상아동  산3-4,2022,상아비전연료전지,문종철
others,19.8,전남  여수시  율촌면  신풍리  2-8번지,2022,금덕,강태훈
wind,525.0,울산시  온산  해안  동측 90km  공유수면  일원,2022,해울이해상풍력발전2 ,토마스위브폴센 
wind,45.0,"경북  영덕군  축산면  고곡리  산144,  산94,  산78,  산57,  경정리  산99,  산150, 영덕읍  석리    산92-1",2022,세연,안병욱
gas,1000.0,경남  하동군  금남면  대송리・진정리  일원(대송산업단지  내),2022,한국남부발전,이승우
gas,4.4,울산시  남구  성암동  산86-1일원,2022,에스케이가스,윤병석
wind,40.0,"강원도  평창군  진부면  상월오개리  산97-1,용평면 속사리    산188,  이목정리 산30",2022,속사풍력발전 ,"최종성,김순교 "
bioenergy,110.0,경북  포항시  북구  흥해읍 용한리(영일만3일반산업단지),2022,포항신재생에너지 ,이길구 
wind,240.0,전남해남군문내면무고리인 근공유수면,2022,궁항해상풍력 발전,"서용운, 페라다크파타나찬"
wind,136.0,울산시북구정자항앞공유수면,2022,동남해안해상풍력 ,오진수 
wind,504.0,전남여수시거문도서측공유수면,2022,거문도해상풍력발전,최우진
gas,28.8,경북  경주시  외동읍  문산 연 료 전 지 리  산  82-14,2022,중화 ,이재근 
gas,19.8,경남  함안군  칠북면  덕남길  69(화천리  16),2022,에이치앤알이,김선웅
others,19.8,전남  여수시  소라면  대포리  1346-11  등  일원,2022,여수수소에너지,배재호
gas,39.6,"경기도  남양주시  화도읍 답내리  722,  723,  13-15",2022,남양주그린에너지 2 호유 한회사,이신아
wind,160.0,전남  영광군  홍농읍  칠곡리  산226  앞  해상   일원,2022,광림 ,성석경 
wind,10.0,강원도  평창군  봉평면  진조리  산80-68,2022,서하에너지,정세호
solar,90.0,전남  고흥군  포두면  송산리  1655-1  등  일원,2022,에이제이해밀솔라,박진관
gas,105.6,부산시  강서구  에코델타시티  집단에너지  부지내(명 지동  3043일원),2022,부산에코델타에너지 ,권오정 
gas,99.6,강원도  양양군  손양면  상왕도리  산42  번지,2022,양양에코그린에너지,박태섭
gas,18.5,경기도  안양시  만안구  안양동  206-12  및  206-7,2022,안양아삼파워,김정욱
gas,499.6,경기도  남양주  왕숙  공공주택지구,2022,나래에너지서비스-한국서부발전,
others,7.0,경기도  남양주  왕숙  공공주택지구,2022,나래에너지서비스-한국서부발전,
wind,400.0,전남  완도군  생일면  봉선리  산276  남쪽   해상,2022,코오롱글로벌 ,김정일 
solar,90.0,전남  강진군  신전면  사초리  697번지  등  63필지,2022,신다산에너지,이용정
solar,9.0,전남  영광군  백수읍  하사리  1887-1번지,2022,분등에너지,권구성
solar,18.3,전남  신안군  안좌면  대우리  1069번지  등  30필지,2022,이이솔루션,김영호
solar,8.4,전남  신안군  안좌면  내호리  693번지  등  14필지,2022,미트라  태양광발전소,김희수
solar,8.4,전남  신안군  안좌면  대우리  981번지  등  14필지,2022,미트라  태양광발전소,김희수
solar,98.0,전남  고흥군  포두면  남촌리  1035-1  외  227필지,2022,고흥해밀솔라,이용
wind,10.0,전남  전남  영광군  백수읍 하사리 3038외  공유수면   일원,2022,전남테크노파크 ,유동국 
wind,416.0,전남  진도군  조도면  관매도  및  독거도  인근  공유수면  일원,2022,보배오프쇼어윈드팜 ,한승수 
solar,30.0,전남  고흥군  풍양면  안동리  769-1번지  외  37필지,2022,오마해도리,필 리 파기 마 랑이 스 세로 디 우리 치 아르 디 트레스카
solar,50.0,"전남  완도군  약산면  관산리,  우두리  등  84필지",2022,쏠리스,박병훈
solar,5.0,"전남  신안군  안좌면  탄동리  447,  448",2022,안좌탄동솔라,신경철
solar,40.0,전남  신안군  안좌면  탄동리  449-1  외  6필지,2022,안좌탄동솔라,신경철
solar,20.0,전남  진도군  지산면  거제 리  보전호  공유수면  일원,2022,명당에너지 ,이수영 
solar,28.9,전남  고흥군  도덕면  오마리  815-1번지  외  34필지,2022,오도해도리,박영실
solar,15.0,전남  고흥군  도덕면  오마리  1018-7  등  23필지  일원,2022,고흥솔라,선선규
wind,517.1,전남  진도군  조도면  외병도리 해상  일원,2022,조도풍력발전,"정춘돌,페라다크파타나찬"
wind,440.0,근 )전남  여수시  거문도  인근 해역,2022,문도해상풍력 ,"윤의순,송홍렬 "
others,6.5,전남  목포시  대양동  703번지  외  21필지,2022,목포에코드림,송태을
